Category,Indicator,Code,Unit,Type
Tổng sản phẩm quốc nội,"Thư viện
Sửa đồ thị",DOM,,DOM_FALLBACK
Tổng sản phẩm quốc nội,FDI dăng ký dự án,DOM,,DOM_FALLBACK
Tổng sản phẩm quốc nội,FDI thực hiện,DOM,,DOM_FALLBACK
Tổng sản phẩm quốc nội,"Mối quan hệ giữa vàng và lãi suất, bơm tiền",DOM,,DOM_FALLBACK
Tổng sản phẩm quốc nội,%HUY ĐỘNG,DOM,,DOM_FALLBACK
Tổng sản phẩm quốc nội,VĐT phát triển XH,DOM,,DOM_FALLBACK
Tổng sản phẩm quốc nội,BÁN LẺ,DOM,,DOM_FALLBACK
Tổng sản phẩm quốc nội,USD.VND 2025,DOM,,DOM_FALLBACK
Tổng sản phẩm quốc nội,Bóc tách CPI YOY,DOM,,DOM_FALLBACK
Tổng sản phẩm quốc nội,"Thông tin mới nhất
Tin quan trọng",DOM,,DOM_FALLBACK
Tổng sản phẩm quốc nội,Thông tin mới nhất,DOM,,DOM_FALLBACK
Tổng sản phẩm quốc nội,Tin quan trọng,DOM,,DOM_FALLBACK
Tổng sản phẩm quốc nội,"THỊ TRƯỜNG
ĐỊNH GIÁ
DÒNG TIỀN
QUỐC TẾ
1Y
2Y
3Y
5Y
10Y
All
DIỄN BIẾN THỊ TRƯỜNG
PE THỊ TRƯỜNG
E/P VNINDEX - LÃI SUẤT HUY ĐỘNG 12 THÁNG",DOM,,DOM_FALLBACK
Tổng sản phẩm quốc nội,"THỊ TRƯỜNG
ĐỊNH GIÁ
DÒNG TIỀN
QUỐC TẾ",DOM,,DOM_FALLBACK
Tổng sản phẩm quốc nội,"1Y
2Y
3Y
5Y
10Y
All
DIỄN BIẾN THỊ TRƯỜNG
PE THỊ TRƯỜNG
E/P VNINDEX - LÃI SUẤT HUY ĐỘNG 12 THÁNG",DOM,,DOM_FALLBACK
Tổng sản phẩm quốc nội,"1Y
2Y
3Y
5Y
10Y
All",DOM,,DOM_FALLBACK
Tổng sản phẩm quốc nội,DIỄN BIẾN THỊ TRƯỜNG,DOM,,DOM_FALLBACK
Tổng sản phẩm quốc nội,PE THỊ TRƯỜNG,DOM,,DOM_FALLBACK
Tổng sản phẩm quốc nội,E/P VNINDEX - LÃI SUẤT HUY ĐỘNG 12 THÁNG,DOM,,DOM_FALLBACK
Tổng sản phẩm quốc nội,"Ghi chú: gdp-thuc
Cá nhân
Nhập ghi chú",DOM,,DOM_FALLBACK
Tổng sản phẩm quốc nội,"Ghi chú: gdp-thuc
Cá nhân",DOM,,DOM_FALLBACK
Tổng sản phẩm quốc nội,Ghi chú: gdp-thuc,DOM,,DOM_FALLBACK
Tổng sản phẩm quốc nội,gdp-thuc,DOM,,DOM_FALLBACK
Tổng sản phẩm quốc nội,Cá nhân,DOM,,DOM_FALLBACK
Tổng sản phẩm quốc nội,Nhập ghi chú,DOM,,DOM_FALLBACK
Tổng sản phẩm quốc nội,"Thị trường
Ngành
Cổ phiếu",DOM,,DOM_FALLBACK
Tổng sản phẩm quốc nội,Thị trường,DOM,,DOM_FALLBACK
Tổng sản phẩm quốc nội,Ngành,DOM,,DOM_FALLBACK
Tổng sản phẩm quốc nội,Cổ phiếu,DOM,,DOM_FALLBACK
Sản xuất và Dịch vụ,"Thư viện
Sửa đồ thị",DOM,,DOM_FALLBACK
Sản xuất và Dịch vụ,FDI dăng ký dự án,DOM,,DOM_FALLBACK
Sản xuất và Dịch vụ,FDI thực hiện,DOM,,DOM_FALLBACK
Sản xuất và Dịch vụ,"Mối quan hệ giữa vàng và lãi suất, bơm tiền",DOM,,DOM_FALLBACK
Sản xuất và Dịch vụ,%HUY ĐỘNG,DOM,,DOM_FALLBACK
Sản xuất và Dịch vụ,VĐT phát triển XH,DOM,,DOM_FALLBACK
Sản xuất và Dịch vụ,BÁN LẺ,DOM,,DOM_FALLBACK
Sản xuất và Dịch vụ,USD.VND 2025,DOM,,DOM_FALLBACK
Sản xuất và Dịch vụ,Bóc tách CPI YOY,DOM,,DOM_FALLBACK
Sản xuất và Dịch vụ,"Thông tin mới nhất
Tin quan trọng",DOM,,DOM_FALLBACK
Sản xuất và Dịch vụ,Thông tin mới nhất,DOM,,DOM_FALLBACK
Sản xuất và Dịch vụ,Tin quan trọng,DOM,,DOM_FALLBACK
Sản xuất và Dịch vụ,"THỊ TRƯỜNG
ĐỊNH GIÁ
DÒNG TIỀN
QUỐC TẾ
1Y
2Y
3Y
5Y
10Y
All
DIỄN BIẾN THỊ TRƯỜNG
PE THỊ TRƯỜNG
E/P VNINDEX - LÃI SUẤT HUY ĐỘNG 12 THÁNG",DOM,,DOM_FALLBACK
Sản xuất và Dịch vụ,"THỊ TRƯỜNG
ĐỊNH GIÁ
DÒNG TIỀN
QUỐC TẾ",DOM,,DOM_FALLBACK
Sản xuất và Dịch vụ,"1Y
2Y
3Y
5Y
10Y
All
DIỄN BIẾN THỊ TRƯỜNG
PE THỊ TRƯỜNG
E/P VNINDEX - LÃI SUẤT HUY ĐỘNG 12 THÁNG",DOM,,DOM_FALLBACK
Sản xuất và Dịch vụ,"1Y
2Y
3Y
5Y
10Y
All",DOM,,DOM_FALLBACK
Sản xuất và Dịch vụ,DIỄN BIẾN THỊ TRƯỜNG,DOM,,DOM_FALLBACK
Sản xuất và Dịch vụ,PE THỊ TRƯỜNG,DOM,,DOM_FALLBACK
Sản xuất và Dịch vụ,E/P VNINDEX - LÃI SUẤT HUY ĐỘNG 12 THÁNG,DOM,,DOM_FALLBACK
Sản xuất và Dịch vụ,"Ghi chú: gdp-thuc
Cá nhân
Nhập ghi chú",DOM,,DOM_FALLBACK
Sản xuất và Dịch vụ,"Ghi chú: gdp-thuc
Cá nhân",DOM,,DOM_FALLBACK
Sản xuất và Dịch vụ,Ghi chú: gdp-thuc,DOM,,DOM_FALLBACK
Sản xuất và Dịch vụ,gdp-thuc,DOM,,DOM_FALLBACK
Sản xuất và Dịch vụ,Cá nhân,DOM,,DOM_FALLBACK
Sản xuất và Dịch vụ,Nhập ghi chú,DOM,,DOM_FALLBACK
Sản xuất và Dịch vụ,"Thị trường
Ngành
Cổ phiếu",DOM,,DOM_FALLBACK
Sản xuất và Dịch vụ,Thị trường,DOM,,DOM_FALLBACK
Sản xuất và Dịch vụ,Ngành,DOM,,DOM_FALLBACK
Sản xuất và Dịch vụ,Cổ phiếu,DOM,,DOM_FALLBACK
Tiêu dùng,"Thư viện
Sửa đồ thị",DOM,,DOM_FALLBACK
Tiêu dùng,FDI dăng ký dự án,DOM,,DOM_FALLBACK
Tiêu dùng,FDI thực hiện,DOM,,DOM_FALLBACK
Tiêu dùng,"Mối quan hệ giữa vàng và lãi suất, bơm tiền",DOM,,DOM_FALLBACK
Tiêu dùng,%HUY ĐỘNG,DOM,,DOM_FALLBACK
Tiêu dùng,VĐT phát triển XH,DOM,,DOM_FALLBACK
Tiêu dùng,BÁN LẺ,DOM,,DOM_FALLBACK
Tiêu dùng,USD.VND 2025,DOM,,DOM_FALLBACK
Tiêu dùng,Bóc tách CPI YOY,DOM,,DOM_FALLBACK
Tiêu dùng,"​
​
Khung thời gian:
Quarterly
Kiểu giá trị:
Value",DOM,,DOM_FALLBACK
Tiêu dùng,"Khung thời gian:
Quarterly",DOM,,DOM_FALLBACK
Tiêu dùng,Khung thời gian:,DOM,,DOM_FALLBACK
Tiêu dùng,Quarterly,DOM,,DOM_FALLBACK
Tiêu dùng,"Kiểu giá trị:
Value",DOM,,DOM_FALLBACK
Tiêu dùng,Kiểu giá trị:,DOM,,DOM_FALLBACK
Tiêu dùng,Value,DOM,,DOM_FALLBACK
Tiêu dùng,Q3-2025,DOM,,DOM_FALLBACK
Tiêu dùng,Q2-2025,DOM,,DOM_FALLBACK
Tiêu dùng,Q1-2025,DOM,,DOM_FALLBACK
Tiêu dùng,Q4-2024,DOM,,DOM_FALLBACK
Tiêu dùng,Q3-2024,DOM,,DOM_FALLBACK
Tiêu dùng,Q2-2024,DOM,,DOM_FALLBACK
Tiêu dùng,Q1-2024,DOM,,DOM_FALLBACK
Tiêu dùng,Q4-2023,DOM,,DOM_FALLBACK
Tiêu dùng,Q3-2023,DOM,,DOM_FALLBACK
Tiêu dùng,Q2-2023,DOM,,DOM_FALLBACK
Tiêu dùng,Q1-2023,DOM,,DOM_FALLBACK
Tiêu dùng,Q4-2022,DOM,,DOM_FALLBACK
Tiêu dùng,Q3-2022,DOM,,DOM_FALLBACK
Tiêu dùng,Q2-2022,DOM,,DOM_FALLBACK
Tiêu dùng,Q1-2022,DOM,,DOM_FALLBACK
Tiêu dùng,GDP THỰC,DOM,,DOM_FALLBACK
Tiêu dùng,"Nông nghiệp, lâm nghiệp và thủy sản",DOM,,DOM_FALLBACK
Tiêu dùng,Nông nghiệp,DOM,,DOM_FALLBACK
Tiêu dùng,Lâm nghiệp,DOM,,DOM_FALLBACK
Tiêu dùng,Thủy sản,DOM,,DOM_FALLBACK
Tiêu dùng,Công nghiệp và xây dựng,DOM,,DOM_FALLBACK
Tiêu dùng,Dịch vụ,DOM,,DOM_FALLBACK
Tiêu dùng,Thuế sản phẩm trừ trợ cấp sản phẩm,DOM,,DOM_FALLBACK
Tiêu dùng,"Thông tin mới nhất
Tin quan trọng",DOM,,DOM_FALLBACK
Tiêu dùng,Thông tin mới nhất,DOM,,DOM_FALLBACK
Tiêu dùng,Tin quan trọng,DOM,,DOM_FALLBACK
Tiêu dùng,"THỊ TRƯỜNG
ĐỊNH GIÁ
DÒNG TIỀN
QUỐC TẾ",DOM,,DOM_FALLBACK
Tiêu dùng,"VNINDEX
Đóng cửa
1,646.01
-0.88
-0.05%",DOM,,DOM_FALLBACK
Tiêu dùng,"VNINDEX
Đóng cửa",DOM,,DOM_FALLBACK
Tiêu dùng,Đóng cửa,DOM,,DOM_FALLBACK
Tiêu dùng,"1,646.01
-0.88
-0.05%",DOM,,DOM_FALLBACK
Tiêu dùng,"Chart
Chart with 121 data points.",DOM,,DOM_FALLBACK
Tiêu dùng,Chart with 121 data points.,DOM,,DOM_FALLBACK
Tiêu dùng,End of interactive chart.,DOM,,DOM_FALLBACK
Tiêu dùng,"PHÂN BỔ DÒNG TIỀN
0
3
6
9
12
Tăng giá:
126 CP
Giảm giá:
189 CP
Không đổi:
60 CP
6.45 Nghìn tỷ
7.34 Nghìn tỷ
2.13 Nghìn tỷ",DOM,,DOM_FALLBACK
Tiêu dùng,PHÂN BỔ DÒNG TIỀN,DOM,,DOM_FALLBACK
Tiêu dùng,"0
3
6
9
12
Tăng giá:
126 CP
Giảm giá:
189 CP
Không đổi:
60 CP
6.45 Nghìn tỷ
7.34 Nghìn tỷ
2.13 Nghìn tỷ",DOM,,DOM_FALLBACK
Tiêu dùng,"Tăng giá:
126 CP",DOM,,DOM_FALLBACK
Tiêu dùng,Tăng giá:,DOM,,DOM_FALLBACK
Tiêu dùng,126 CP,DOM,,DOM_FALLBACK
Tiêu dùng,"Giảm giá:
189 CP",DOM,,DOM_FALLBACK
Tiêu dùng,Giảm giá:,DOM,,DOM_FALLBACK
Tiêu dùng,189 CP,DOM,,DOM_FALLBACK
Tiêu dùng,"Không đổi:
60 CP",DOM,,DOM_FALLBACK
Tiêu dùng,Không đổi:,DOM,,DOM_FALLBACK
Tiêu dùng,60 CP,DOM,,DOM_FALLBACK
Tiêu dùng,6.45 Nghìn tỷ,DOM,,DOM_FALLBACK
Tiêu dùng,7.34 Nghìn tỷ,DOM,,DOM_FALLBACK
Tiêu dùng,2.13 Nghìn tỷ,DOM,,DOM_FALLBACK
Tiêu dùng,TÁC ĐỘNG ĐẾN INDEX,DOM,,DOM_FALLBACK
Tiêu dùng,"VPB
TCX
BSR
VNM
VRE
VPX
GEE
MCH
LPB
VHM
VIC
VPL
-4
-2
0
2
1.63
1.45
0.98
0.81
0.71
-0.49
-0.73
-0.84
-0.91
-1.42
-1.83
-2.29",DOM,,DOM_FALLBACK
Tiêu dùng,"Tác động tăng
Tác động giảm",DOM,,DOM_FALLBACK
Tiêu dùng,Tác động tăng,DOM,,DOM_FALLBACK
Tiêu dùng,Tác động giảm,DOM,,DOM_FALLBACK
Tiêu dùng,"1Y
2Y
3Y
5Y
10Y
All",DOM,,DOM_FALLBACK
Tiêu dùng,"DIỄN BIẾN THỊ TRƯỜNG
Q4/2024
Q2/2025
Q3/2025
Vốn hoá
LNST
SLCP lưu hành",DOM,,DOM_FALLBACK
Tiêu dùng,"Q4/2024
Q2/2025
Q3/2025",DOM,,DOM_FALLBACK
Tiêu dùng,"Vốn hoá
LNST
SLCP lưu hành",DOM,,DOM_FALLBACK
Tiêu dùng,Vốn hoá,DOM,,DOM_FALLBACK
Tiêu dùng,LNST,DOM,,DOM_FALLBACK
Tiêu dùng,SLCP lưu hành,DOM,,DOM_FALLBACK
Tiêu dùng,"PE THỊ TRƯỜNG
Q4/2024
Q2/2025
Q3/2025
Average: 14.18
P/E thị trường
Max
Min
Trung bình",DOM,,DOM_FALLBACK
Tiêu dùng,"Q4/2024
Q2/2025
Q3/2025
Average: 14.18",DOM,,DOM_FALLBACK
Tiêu dùng,Average: 14.18,DOM,,DOM_FALLBACK
Tiêu dùng,"P/E thị trường
Max
Min
Trung bình",DOM,,DOM_FALLBACK
Tiêu dùng,P/E thị trường,DOM,,DOM_FALLBACK
Tiêu dùng,Trung bình,DOM,,DOM_FALLBACK
Tiêu dùng,"E/P VNINDEX - LÃI SUẤT HUY ĐỘNG 12 THÁNG
Q4/2024
Q2/2025
Q3/2025",DOM,,DOM_FALLBACK
Tiêu dùng,"GIÁ TRỊ TỰ DOANH RÒNG
1D
1W
1M",DOM,,DOM_FALLBACK
Tiêu dùng,"1D
1W
1M",DOM,,DOM_FALLBACK
Tiêu dùng,"Chart
Chart with 15 data points.",DOM,,DOM_FALLBACK
Tiêu dùng,Chart with 15 data points.,DOM,,DOM_FALLBACK
Tiêu dùng,"27/11
01/12
03/12
05/12
09/12
11/12
-500
0
500
1000
-5500
-5000
-4500
-4000",DOM,,DOM_FALLBACK
Tiêu dùng,"GIÁ TRỊ KHỐI NGOẠI RÒNG
1D
1W
1M",DOM,,DOM_FALLBACK
Tiêu dùng,"28/11
02/12
04/12
08/12
10/12
12/12
-1K
0
1K
2K
-123K
-121.5K
-120K
-118.5K",DOM,,DOM_FALLBACK
Tiêu dùng,"Ghi chú: gdp-thuc
Cá nhân
Thêm ghi chú bằng cách điền
vào ô bên dưới
Nhập ghi chú",DOM,,DOM_FALLBACK
Tiêu dùng,"Ghi chú: gdp-thuc
Cá nhân",DOM,,DOM_FALLBACK
Tiêu dùng,Ghi chú: gdp-thuc,DOM,,DOM_FALLBACK
Tiêu dùng,gdp-thuc,DOM,,DOM_FALLBACK
Tiêu dùng,Cá nhân,DOM,,DOM_FALLBACK
Tiêu dùng,"Thêm ghi chú bằng cách điền
vào ô bên dưới",DOM,,DOM_FALLBACK
Tiêu dùng,Nhập ghi chú,DOM,,DOM_FALLBACK
Tiêu dùng,"Thị trường
Ngành
Cổ phiếu",DOM,,DOM_FALLBACK
Tiêu dùng,Thị trường,DOM,,DOM_FALLBACK
Tiêu dùng,Ngành,DOM,,DOM_FALLBACK
Tiêu dùng,Cổ phiếu,DOM,,DOM_FALLBACK
Giá cả,"Thư viện
Sửa đồ thị",DOM,,DOM_FALLBACK
Giá cả,FDI dăng ký dự án,DOM,,DOM_FALLBACK
Giá cả,FDI thực hiện,DOM,,DOM_FALLBACK
Giá cả,"Mối quan hệ giữa vàng và lãi suất, bơm tiền",DOM,,DOM_FALLBACK
Giá cả,%HUY ĐỘNG,DOM,,DOM_FALLBACK
Giá cả,VĐT phát triển XH,DOM,,DOM_FALLBACK
Giá cả,BÁN LẺ,DOM,,DOM_FALLBACK
Giá cả,USD.VND 2025,DOM,,DOM_FALLBACK
Giá cả,Bóc tách CPI YOY,DOM,,DOM_FALLBACK
Giá cả,"​
​
Khung thời gian:
Quarterly
Kiểu giá trị:
Value",DOM,,DOM_FALLBACK
Giá cả,"Khung thời gian:
Quarterly",DOM,,DOM_FALLBACK
Giá cả,Khung thời gian:,DOM,,DOM_FALLBACK
Giá cả,Quarterly,DOM,,DOM_FALLBACK
Giá cả,"Kiểu giá trị:
Value",DOM,,DOM_FALLBACK
Giá cả,Kiểu giá trị:,DOM,,DOM_FALLBACK
Giá cả,Value,DOM,,DOM_FALLBACK
Giá cả,Q3-2025,DOM,,DOM_FALLBACK
Giá cả,Q2-2025,DOM,,DOM_FALLBACK
Giá cả,Q1-2025,DOM,,DOM_FALLBACK
Giá cả,Q4-2024,DOM,,DOM_FALLBACK
Giá cả,Q3-2024,DOM,,DOM_FALLBACK
Giá cả,Q2-2024,DOM,,DOM_FALLBACK
Giá cả,Q1-2024,DOM,,DOM_FALLBACK
Giá cả,Q4-2023,DOM,,DOM_FALLBACK
Giá cả,Q3-2023,DOM,,DOM_FALLBACK
Giá cả,Q2-2023,DOM,,DOM_FALLBACK
Giá cả,Q1-2023,DOM,,DOM_FALLBACK
Giá cả,Q4-2022,DOM,,DOM_FALLBACK
Giá cả,Q3-2022,DOM,,DOM_FALLBACK
Giá cả,Q2-2022,DOM,,DOM_FALLBACK
Giá cả,Q1-2022,DOM,,DOM_FALLBACK
Giá cả,GDP THỰC,DOM,,DOM_FALLBACK
Giá cả,"Nông nghiệp, lâm nghiệp và thủy sản",DOM,,DOM_FALLBACK
Giá cả,Nông nghiệp,DOM,,DOM_FALLBACK
Giá cả,Lâm nghiệp,DOM,,DOM_FALLBACK
Giá cả,Thủy sản,DOM,,DOM_FALLBACK
Giá cả,Công nghiệp và xây dựng,DOM,,DOM_FALLBACK
Giá cả,Dịch vụ,DOM,,DOM_FALLBACK
Giá cả,Thuế sản phẩm trừ trợ cấp sản phẩm,DOM,,DOM_FALLBACK
Giá cả,"Thông tin mới nhất
Tin quan trọng",DOM,,DOM_FALLBACK
Giá cả,Thông tin mới nhất,DOM,,DOM_FALLBACK
Giá cả,Tin quan trọng,DOM,,DOM_FALLBACK
Giá cả,"THỊ TRƯỜNG
ĐỊNH GIÁ
DÒNG TIỀN
QUỐC TẾ",DOM,,DOM_FALLBACK
Giá cả,"VNINDEX
Đóng cửa
1,646.01
-0.88
-0.05%",DOM,,DOM_FALLBACK
Giá cả,"VNINDEX
Đóng cửa",DOM,,DOM_FALLBACK
Giá cả,Đóng cửa,DOM,,DOM_FALLBACK
Giá cả,"1,646.01
-0.88
-0.05%",DOM,,DOM_FALLBACK
Giá cả,"Chart
Chart with 121 data points.",DOM,,DOM_FALLBACK
Giá cả,Chart with 121 data points.,DOM,,DOM_FALLBACK
Giá cả,End of interactive chart.,DOM,,DOM_FALLBACK
Giá cả,"PHÂN BỔ DÒNG TIỀN
0
3
6
9
12
Tăng giá:
126 CP
Giảm giá:
189 CP
Không đổi:
60 CP
6.45 Nghìn tỷ
7.34 Nghìn tỷ
2.13 Nghìn tỷ",DOM,,DOM_FALLBACK
Giá cả,PHÂN BỔ DÒNG TIỀN,DOM,,DOM_FALLBACK
Giá cả,"0
3
6
9
12
Tăng giá:
126 CP
Giảm giá:
189 CP
Không đổi:
60 CP
6.45 Nghìn tỷ
7.34 Nghìn tỷ
2.13 Nghìn tỷ",DOM,,DOM_FALLBACK
Giá cả,"Tăng giá:
126 CP",DOM,,DOM_FALLBACK
Giá cả,Tăng giá:,DOM,,DOM_FALLBACK
Giá cả,126 CP,DOM,,DOM_FALLBACK
Giá cả,"Giảm giá:
189 CP",DOM,,DOM_FALLBACK
Giá cả,Giảm giá:,DOM,,DOM_FALLBACK
Giá cả,189 CP,DOM,,DOM_FALLBACK
Giá cả,"Không đổi:
60 CP",DOM,,DOM_FALLBACK
Giá cả,Không đổi:,DOM,,DOM_FALLBACK
Giá cả,60 CP,DOM,,DOM_FALLBACK
Giá cả,6.45 Nghìn tỷ,DOM,,DOM_FALLBACK
Giá cả,7.34 Nghìn tỷ,DOM,,DOM_FALLBACK
Giá cả,2.13 Nghìn tỷ,DOM,,DOM_FALLBACK
Giá cả,TÁC ĐỘNG ĐẾN INDEX,DOM,,DOM_FALLBACK
Giá cả,"VPB
TCX
BSR
VNM
VRE
VPX
GEE
MCH
LPB
VHM
VIC
VPL
-4
-2
0
2
1.63
1.45
0.98
0.81
0.71
-0.49
-0.73
-0.84
-0.91
-1.42
-1.83
-2.29",DOM,,DOM_FALLBACK
Giá cả,"Tác động tăng
Tác động giảm",DOM,,DOM_FALLBACK
Giá cả,Tác động tăng,DOM,,DOM_FALLBACK
Giá cả,Tác động giảm,DOM,,DOM_FALLBACK
Giá cả,"1Y
2Y
3Y
5Y
10Y
All",DOM,,DOM_FALLBACK
Giá cả,"DIỄN BIẾN THỊ TRƯỜNG
Q4/2024
Q2/2025
Q3/2025
Vốn hoá
LNST
SLCP lưu hành",DOM,,DOM_FALLBACK
Giá cả,"Q4/2024
Q2/2025
Q3/2025",DOM,,DOM_FALLBACK
Giá cả,"Vốn hoá
LNST
SLCP lưu hành",DOM,,DOM_FALLBACK
Giá cả,Vốn hoá,DOM,,DOM_FALLBACK
Giá cả,LNST,DOM,,DOM_FALLBACK
Giá cả,SLCP lưu hành,DOM,,DOM_FALLBACK
Giá cả,"PE THỊ TRƯỜNG
Q4/2024
Q2/2025
Q3/2025
Average: 14.18
P/E thị trường
Max
Min
Trung bình",DOM,,DOM_FALLBACK
Giá cả,"Q4/2024
Q2/2025
Q3/2025
Average: 14.18",DOM,,DOM_FALLBACK
Giá cả,Average: 14.18,DOM,,DOM_FALLBACK
Giá cả,"P/E thị trường
Max
Min
Trung bình",DOM,,DOM_FALLBACK
Giá cả,P/E thị trường,DOM,,DOM_FALLBACK
Giá cả,Trung bình,DOM,,DOM_FALLBACK
Giá cả,"E/P VNINDEX - LÃI SUẤT HUY ĐỘNG 12 THÁNG
Q4/2024
Q2/2025
Q3/2025",DOM,,DOM_FALLBACK
Giá cả,"GIÁ TRỊ TỰ DOANH RÒNG
1D
1W
1M",DOM,,DOM_FALLBACK
Giá cả,"1D
1W
1M",DOM,,DOM_FALLBACK
Giá cả,"Chart
Chart with 15 data points.",DOM,,DOM_FALLBACK
Giá cả,Chart with 15 data points.,DOM,,DOM_FALLBACK
Giá cả,"27/11
01/12
03/12
05/12
09/12
11/12
-500
0
500
1000
-5500
-5000
-4500
-4000",DOM,,DOM_FALLBACK
Giá cả,"GIÁ TRỊ KHỐI NGOẠI RÒNG
1D
1W
1M",DOM,,DOM_FALLBACK
Giá cả,"28/11
02/12
04/12
08/12
10/12
12/12
-1K
0
1K
2K
-123K
-121.5K
-120K
-118.5K",DOM,,DOM_FALLBACK
Giá cả,"Ghi chú: gdp-thuc
Cá nhân
Thêm ghi chú bằng cách điền
vào ô bên dưới
Nhập ghi chú",DOM,,DOM_FALLBACK
Giá cả,"Ghi chú: gdp-thuc
Cá nhân",DOM,,DOM_FALLBACK
Giá cả,Ghi chú: gdp-thuc,DOM,,DOM_FALLBACK
Giá cả,gdp-thuc,DOM,,DOM_FALLBACK
Giá cả,Cá nhân,DOM,,DOM_FALLBACK
Giá cả,"Thêm ghi chú bằng cách điền
vào ô bên dưới",DOM,,DOM_FALLBACK
Giá cả,Nhập ghi chú,DOM,,DOM_FALLBACK
Giá cả,"Thị trường
Ngành
Cổ phiếu",DOM,,DOM_FALLBACK
Giá cả,Thị trường,DOM,,DOM_FALLBACK
Giá cả,Ngành,DOM,,DOM_FALLBACK
Giá cả,Cổ phiếu,DOM,,DOM_FALLBACK
Thị trường hàng hoá,"Thư viện
Sửa đồ thị",DOM,,DOM_FALLBACK
Thị trường hàng hoá,FDI dăng ký dự án,DOM,,DOM_FALLBACK
Thị trường hàng hoá,FDI thực hiện,DOM,,DOM_FALLBACK
Thị trường hàng hoá,"Mối quan hệ giữa vàng và lãi suất, bơm tiền",DOM,,DOM_FALLBACK
Thị trường hàng hoá,%HUY ĐỘNG,DOM,,DOM_FALLBACK
Thị trường hàng hoá,VĐT phát triển XH,DOM,,DOM_FALLBACK
Thị trường hàng hoá,BÁN LẺ,DOM,,DOM_FALLBACK
Thị trường hàng hoá,USD.VND 2025,DOM,,DOM_FALLBACK
Thị trường hàng hoá,Bóc tách CPI YOY,DOM,,DOM_FALLBACK
Thị trường hàng hoá,"​
​
Khung thời gian:
Quarterly
Kiểu giá trị:
Value",DOM,,DOM_FALLBACK
Thị trường hàng hoá,"Khung thời gian:
Quarterly",DOM,,DOM_FALLBACK
Thị trường hàng hoá,Khung thời gian:,DOM,,DOM_FALLBACK
Thị trường hàng hoá,Quarterly,DOM,,DOM_FALLBACK
Thị trường hàng hoá,"Kiểu giá trị:
Value",DOM,,DOM_FALLBACK
Thị trường hàng hoá,Kiểu giá trị:,DOM,,DOM_FALLBACK
Thị trường hàng hoá,Value,DOM,,DOM_FALLBACK
Thị trường hàng hoá,Q3-2025,DOM,,DOM_FALLBACK
Thị trường hàng hoá,Q2-2025,DOM,,DOM_FALLBACK
Thị trường hàng hoá,Q1-2025,DOM,,DOM_FALLBACK
Thị trường hàng hoá,Q4-2024,DOM,,DOM_FALLBACK
Thị trường hàng hoá,Q3-2024,DOM,,DOM_FALLBACK
Thị trường hàng hoá,Q2-2024,DOM,,DOM_FALLBACK
Thị trường hàng hoá,Q1-2024,DOM,,DOM_FALLBACK
Thị trường hàng hoá,Q4-2023,DOM,,DOM_FALLBACK
Thị trường hàng hoá,Q3-2023,DOM,,DOM_FALLBACK
Thị trường hàng hoá,Q2-2023,DOM,,DOM_FALLBACK
Thị trường hàng hoá,Q1-2023,DOM,,DOM_FALLBACK
Thị trường hàng hoá,Q4-2022,DOM,,DOM_FALLBACK
Thị trường hàng hoá,Q3-2022,DOM,,DOM_FALLBACK
Thị trường hàng hoá,Q2-2022,DOM,,DOM_FALLBACK
Thị trường hàng hoá,Q1-2022,DOM,,DOM_FALLBACK
Thị trường hàng hoá,GDP THỰC,DOM,,DOM_FALLBACK
Thị trường hàng hoá,"Nông nghiệp, lâm nghiệp và thủy sản",DOM,,DOM_FALLBACK
Thị trường hàng hoá,Nông nghiệp,DOM,,DOM_FALLBACK
Thị trường hàng hoá,Lâm nghiệp,DOM,,DOM_FALLBACK
Thị trường hàng hoá,Thủy sản,DOM,,DOM_FALLBACK
Thị trường hàng hoá,Công nghiệp và xây dựng,DOM,,DOM_FALLBACK
Thị trường hàng hoá,Dịch vụ,DOM,,DOM_FALLBACK
Thị trường hàng hoá,Thuế sản phẩm trừ trợ cấp sản phẩm,DOM,,DOM_FALLBACK
Thị trường hàng hoá,"Thông tin mới nhất
Tin quan trọng",DOM,,DOM_FALLBACK
Thị trường hàng hoá,Thông tin mới nhất,DOM,,DOM_FALLBACK
Thị trường hàng hoá,Tin quan trọng,DOM,,DOM_FALLBACK
Thị trường hàng hoá,"THỊ TRƯỜNG
ĐỊNH GIÁ
DÒNG TIỀN
QUỐC TẾ",DOM,,DOM_FALLBACK
Thị trường hàng hoá,"VNINDEX
Đóng cửa
1,646.01
-0.88
-0.05%",DOM,,DOM_FALLBACK
Thị trường hàng hoá,"VNINDEX
Đóng cửa",DOM,,DOM_FALLBACK
Thị trường hàng hoá,Đóng cửa,DOM,,DOM_FALLBACK
Thị trường hàng hoá,"1,646.01
-0.88
-0.05%",DOM,,DOM_FALLBACK
Thị trường hàng hoá,"Chart
Chart with 121 data points.",DOM,,DOM_FALLBACK
Thị trường hàng hoá,Chart with 121 data points.,DOM,,DOM_FALLBACK
Thị trường hàng hoá,End of interactive chart.,DOM,,DOM_FALLBACK
Thị trường hàng hoá,"PHÂN BỔ DÒNG TIỀN
0
3
6
9
12
Tăng giá:
126 CP
Giảm giá:
189 CP
Không đổi:
60 CP
6.45 Nghìn tỷ
7.34 Nghìn tỷ
2.13 Nghìn tỷ",DOM,,DOM_FALLBACK
Thị trường hàng hoá,PHÂN BỔ DÒNG TIỀN,DOM,,DOM_FALLBACK
Thị trường hàng hoá,"0
3
6
9
12
Tăng giá:
126 CP
Giảm giá:
189 CP
Không đổi:
60 CP
6.45 Nghìn tỷ
7.34 Nghìn tỷ
2.13 Nghìn tỷ",DOM,,DOM_FALLBACK
Thị trường hàng hoá,"Tăng giá:
126 CP",DOM,,DOM_FALLBACK
Thị trường hàng hoá,Tăng giá:,DOM,,DOM_FALLBACK
Thị trường hàng hoá,126 CP,DOM,,DOM_FALLBACK
Thị trường hàng hoá,"Giảm giá:
189 CP",DOM,,DOM_FALLBACK
Thị trường hàng hoá,Giảm giá:,DOM,,DOM_FALLBACK
Thị trường hàng hoá,189 CP,DOM,,DOM_FALLBACK
Thị trường hàng hoá,"Không đổi:
60 CP",DOM,,DOM_FALLBACK
Thị trường hàng hoá,Không đổi:,DOM,,DOM_FALLBACK
Thị trường hàng hoá,60 CP,DOM,,DOM_FALLBACK
Thị trường hàng hoá,6.45 Nghìn tỷ,DOM,,DOM_FALLBACK
Thị trường hàng hoá,7.34 Nghìn tỷ,DOM,,DOM_FALLBACK
Thị trường hàng hoá,2.13 Nghìn tỷ,DOM,,DOM_FALLBACK
Thị trường hàng hoá,TÁC ĐỘNG ĐẾN INDEX,DOM,,DOM_FALLBACK
Thị trường hàng hoá,"VPB
TCX
BSR
VNM
VRE
VPX
GEE
MCH
LPB
VHM
VIC
VPL
-4
-2
0
2
1.63
1.45
0.98
0.81
0.71
-0.49
-0.73
-0.84
-0.91
-1.42
-1.83
-2.29",DOM,,DOM_FALLBACK
Thị trường hàng hoá,"Tác động tăng
Tác động giảm",DOM,,DOM_FALLBACK
Thị trường hàng hoá,Tác động tăng,DOM,,DOM_FALLBACK
Thị trường hàng hoá,Tác động giảm,DOM,,DOM_FALLBACK
Thị trường hàng hoá,"1Y
2Y
3Y
5Y
10Y
All",DOM,,DOM_FALLBACK
Thị trường hàng hoá,"DIỄN BIẾN THỊ TRƯỜNG
Q4/2024
Q2/2025
Q3/2025
Vốn hoá
LNST
SLCP lưu hành",DOM,,DOM_FALLBACK
Thị trường hàng hoá,"Q4/2024
Q2/2025
Q3/2025",DOM,,DOM_FALLBACK
Thị trường hàng hoá,"Vốn hoá
LNST
SLCP lưu hành",DOM,,DOM_FALLBACK
Thị trường hàng hoá,Vốn hoá,DOM,,DOM_FALLBACK
Thị trường hàng hoá,LNST,DOM,,DOM_FALLBACK
Thị trường hàng hoá,SLCP lưu hành,DOM,,DOM_FALLBACK
Thị trường hàng hoá,"PE THỊ TRƯỜNG
Q4/2024
Q2/2025
Q3/2025
Average: 14.18
P/E thị trường
Max
Min
Trung bình",DOM,,DOM_FALLBACK
Thị trường hàng hoá,"Q4/2024
Q2/2025
Q3/2025
Average: 14.18",DOM,,DOM_FALLBACK
Thị trường hàng hoá,Average: 14.18,DOM,,DOM_FALLBACK
Thị trường hàng hoá,"P/E thị trường
Max
Min
Trung bình",DOM,,DOM_FALLBACK
Thị trường hàng hoá,P/E thị trường,DOM,,DOM_FALLBACK
Thị trường hàng hoá,Trung bình,DOM,,DOM_FALLBACK
Thị trường hàng hoá,"E/P VNINDEX - LÃI SUẤT HUY ĐỘNG 12 THÁNG
Q4/2024
Q2/2025
Q3/2025",DOM,,DOM_FALLBACK
Thị trường hàng hoá,"GIÁ TRỊ TỰ DOANH RÒNG
1D
1W
1M",DOM,,DOM_FALLBACK
Thị trường hàng hoá,"1D
1W
1M",DOM,,DOM_FALLBACK
Thị trường hàng hoá,"Chart
Chart with 15 data points.",DOM,,DOM_FALLBACK
Thị trường hàng hoá,Chart with 15 data points.,DOM,,DOM_FALLBACK
Thị trường hàng hoá,"27/11
01/12
03/12
05/12
09/12
11/12
-500
0
500
1000
-5500
-5000
-4500
-4000",DOM,,DOM_FALLBACK
Thị trường hàng hoá,"GIÁ TRỊ KHỐI NGOẠI RÒNG
1D
1W
1M",DOM,,DOM_FALLBACK
Thị trường hàng hoá,"28/11
02/12
04/12
08/12
10/12
12/12
-1K
0
1K
2K
-123K
-121.5K
-120K
-118.5K",DOM,,DOM_FALLBACK
Thị trường hàng hoá,"Ghi chú: gdp-thuc
Cá nhân
Thêm ghi chú bằng cách điền
vào ô bên dưới
Nhập ghi chú",DOM,,DOM_FALLBACK
Thị trường hàng hoá,"Ghi chú: gdp-thuc
Cá nhân",DOM,,DOM_FALLBACK
Thị trường hàng hoá,Ghi chú: gdp-thuc,DOM,,DOM_FALLBACK
Thị trường hàng hoá,gdp-thuc,DOM,,DOM_FALLBACK
Thị trường hàng hoá,Cá nhân,DOM,,DOM_FALLBACK
Thị trường hàng hoá,"Thêm ghi chú bằng cách điền
vào ô bên dưới",DOM,,DOM_FALLBACK
Thị trường hàng hoá,Nhập ghi chú,DOM,,DOM_FALLBACK
Thị trường hàng hoá,"Thị trường
Ngành
Cổ phiếu",DOM,,DOM_FALLBACK
Thị trường hàng hoá,Thị trường,DOM,,DOM_FALLBACK
Thị trường hàng hoá,Ngành,DOM,,DOM_FALLBACK
Thị trường hàng hoá,Cổ phiếu,DOM,,DOM_FALLBACK
Giao dịch quốc tế,"Thư viện
Sửa đồ thị",DOM,,DOM_FALLBACK
Giao dịch quốc tế,FDI dăng ký dự án,DOM,,DOM_FALLBACK
Giao dịch quốc tế,FDI thực hiện,DOM,,DOM_FALLBACK
Giao dịch quốc tế,"Mối quan hệ giữa vàng và lãi suất, bơm tiền",DOM,,DOM_FALLBACK
Giao dịch quốc tế,%HUY ĐỘNG,DOM,,DOM_FALLBACK
Giao dịch quốc tế,VĐT phát triển XH,DOM,,DOM_FALLBACK
Giao dịch quốc tế,BÁN LẺ,DOM,,DOM_FALLBACK
Giao dịch quốc tế,USD.VND 2025,DOM,,DOM_FALLBACK
Giao dịch quốc tế,Bóc tách CPI YOY,DOM,,DOM_FALLBACK
Giao dịch quốc tế,"​
​
Khung thời gian:
Quarterly
Kiểu giá trị:
Value",DOM,,DOM_FALLBACK
Giao dịch quốc tế,"Khung thời gian:
Quarterly",DOM,,DOM_FALLBACK
Giao dịch quốc tế,Khung thời gian:,DOM,,DOM_FALLBACK
Giao dịch quốc tế,Quarterly,DOM,,DOM_FALLBACK
Giao dịch quốc tế,"Kiểu giá trị:
Value",DOM,,DOM_FALLBACK
Giao dịch quốc tế,Kiểu giá trị:,DOM,,DOM_FALLBACK
Giao dịch quốc tế,Value,DOM,,DOM_FALLBACK
Giao dịch quốc tế,Q3-2025,DOM,,DOM_FALLBACK
Giao dịch quốc tế,Q2-2025,DOM,,DOM_FALLBACK
Giao dịch quốc tế,Q1-2025,DOM,,DOM_FALLBACK
Giao dịch quốc tế,Q4-2024,DOM,,DOM_FALLBACK
Giao dịch quốc tế,Q3-2024,DOM,,DOM_FALLBACK
Giao dịch quốc tế,Q2-2024,DOM,,DOM_FALLBACK
Giao dịch quốc tế,Q1-2024,DOM,,DOM_FALLBACK
Giao dịch quốc tế,Q4-2023,DOM,,DOM_FALLBACK
Giao dịch quốc tế,Q3-2023,DOM,,DOM_FALLBACK
Giao dịch quốc tế,Q2-2023,DOM,,DOM_FALLBACK
Giao dịch quốc tế,Q1-2023,DOM,,DOM_FALLBACK
Giao dịch quốc tế,Q4-2022,DOM,,DOM_FALLBACK
Giao dịch quốc tế,Q3-2022,DOM,,DOM_FALLBACK
Giao dịch quốc tế,Q2-2022,DOM,,DOM_FALLBACK
Giao dịch quốc tế,Q1-2022,DOM,,DOM_FALLBACK
Giao dịch quốc tế,GDP THỰC,DOM,,DOM_FALLBACK
Giao dịch quốc tế,"Nông nghiệp, lâm nghiệp và thủy sản",DOM,,DOM_FALLBACK
Giao dịch quốc tế,Nông nghiệp,DOM,,DOM_FALLBACK
Giao dịch quốc tế,Lâm nghiệp,DOM,,DOM_FALLBACK
Giao dịch quốc tế,Thủy sản,DOM,,DOM_FALLBACK
Giao dịch quốc tế,Công nghiệp và xây dựng,DOM,,DOM_FALLBACK
Giao dịch quốc tế,Dịch vụ,DOM,,DOM_FALLBACK
Giao dịch quốc tế,Thuế sản phẩm trừ trợ cấp sản phẩm,DOM,,DOM_FALLBACK
Giao dịch quốc tế,"Thông tin mới nhất
Tin quan trọng",DOM,,DOM_FALLBACK
Giao dịch quốc tế,Thông tin mới nhất,DOM,,DOM_FALLBACK
Giao dịch quốc tế,Tin quan trọng,DOM,,DOM_FALLBACK
Giao dịch quốc tế,"THỊ TRƯỜNG
ĐỊNH GIÁ
DÒNG TIỀN
QUỐC TẾ",DOM,,DOM_FALLBACK
Giao dịch quốc tế,"VNINDEX
Đóng cửa
1,646.01
-0.88
-0.05%",DOM,,DOM_FALLBACK
Giao dịch quốc tế,"VNINDEX
Đóng cửa",DOM,,DOM_FALLBACK
Giao dịch quốc tế,Đóng cửa,DOM,,DOM_FALLBACK
Giao dịch quốc tế,"1,646.01
-0.88
-0.05%",DOM,,DOM_FALLBACK
Giao dịch quốc tế,"Chart
Chart with 121 data points.",DOM,,DOM_FALLBACK
Giao dịch quốc tế,Chart with 121 data points.,DOM,,DOM_FALLBACK
Giao dịch quốc tế,End of interactive chart.,DOM,,DOM_FALLBACK
Giao dịch quốc tế,"PHÂN BỔ DÒNG TIỀN
0
3
6
9
12
6.45 Nghìn tỷ
7.34 Nghìn tỷ
2.13 Nghìn tỷ
Tăng giá:
126 CP
Giảm giá:
189 CP
Không đổi:
60 CP",DOM,,DOM_FALLBACK
Giao dịch quốc tế,PHÂN BỔ DÒNG TIỀN,DOM,,DOM_FALLBACK
Giao dịch quốc tế,"0
3
6
9
12
6.45 Nghìn tỷ
7.34 Nghìn tỷ
2.13 Nghìn tỷ
Tăng giá:
126 CP
Giảm giá:
189 CP
Không đổi:
60 CP",DOM,,DOM_FALLBACK
Giao dịch quốc tế,6.45 Nghìn tỷ,DOM,,DOM_FALLBACK
Giao dịch quốc tế,7.34 Nghìn tỷ,DOM,,DOM_FALLBACK
Giao dịch quốc tế,2.13 Nghìn tỷ,DOM,,DOM_FALLBACK
Giao dịch quốc tế,"Tăng giá:
126 CP",DOM,,DOM_FALLBACK
Giao dịch quốc tế,Tăng giá:,DOM,,DOM_FALLBACK
Giao dịch quốc tế,126 CP,DOM,,DOM_FALLBACK
Giao dịch quốc tế,"Giảm giá:
189 CP",DOM,,DOM_FALLBACK
Giao dịch quốc tế,Giảm giá:,DOM,,DOM_FALLBACK
Giao dịch quốc tế,189 CP,DOM,,DOM_FALLBACK
Giao dịch quốc tế,"Không đổi:
60 CP",DOM,,DOM_FALLBACK
Giao dịch quốc tế,Không đổi:,DOM,,DOM_FALLBACK
Giao dịch quốc tế,60 CP,DOM,,DOM_FALLBACK
Giao dịch quốc tế,TÁC ĐỘNG ĐẾN INDEX,DOM,,DOM_FALLBACK
Giao dịch quốc tế,"VPB
TCX
BSR
VNM
VRE
VPX
GEE
MCH
LPB
VHM
VIC
VPL
-4
-2
0
2
1.63
1.45
0.98
0.81
0.71
-0.49
-0.73
-0.84
-0.91
-1.42
-1.83
-2.29",DOM,,DOM_FALLBACK
Giao dịch quốc tế,"Tác động tăng
Tác động giảm",DOM,,DOM_FALLBACK
Giao dịch quốc tế,Tác động tăng,DOM,,DOM_FALLBACK
Giao dịch quốc tế,Tác động giảm,DOM,,DOM_FALLBACK
Giao dịch quốc tế,"1Y
2Y
3Y
5Y
10Y
All",DOM,,DOM_FALLBACK
Giao dịch quốc tế,"DIỄN BIẾN THỊ TRƯỜNG
Q4/2024
Q2/2025
Q3/2025
Vốn hoá
LNST
SLCP lưu hành",DOM,,DOM_FALLBACK
Giao dịch quốc tế,"Q4/2024
Q2/2025
Q3/2025",DOM,,DOM_FALLBACK
Giao dịch quốc tế,"Vốn hoá
LNST
SLCP lưu hành",DOM,,DOM_FALLBACK
Giao dịch quốc tế,Vốn hoá,DOM,,DOM_FALLBACK
Giao dịch quốc tế,LNST,DOM,,DOM_FALLBACK
Giao dịch quốc tế,SLCP lưu hành,DOM,,DOM_FALLBACK
Giao dịch quốc tế,"PE THỊ TRƯỜNG
Q4/2024
Q2/2025
Q3/2025
Average: 14.18
P/E thị trường
Max
Min
Trung bình",DOM,,DOM_FALLBACK
Giao dịch quốc tế,"Q4/2024
Q2/2025
Q3/2025
Average: 14.18",DOM,,DOM_FALLBACK
Giao dịch quốc tế,Average: 14.18,DOM,,DOM_FALLBACK
Giao dịch quốc tế,"P/E thị trường
Max
Min
Trung bình",DOM,,DOM_FALLBACK
Giao dịch quốc tế,P/E thị trường,DOM,,DOM_FALLBACK
Giao dịch quốc tế,Trung bình,DOM,,DOM_FALLBACK
Giao dịch quốc tế,"E/P VNINDEX - LÃI SUẤT HUY ĐỘNG 12 THÁNG
Q4/2024
Q2/2025
Q3/2025",DOM,,DOM_FALLBACK
Giao dịch quốc tế,"GIÁ TRỊ TỰ DOANH RÒNG
1D
1W
1M",DOM,,DOM_FALLBACK
Giao dịch quốc tế,"1D
1W
1M",DOM,,DOM_FALLBACK
Giao dịch quốc tế,"Chart
Chart with 15 data points.",DOM,,DOM_FALLBACK
Giao dịch quốc tế,Chart with 15 data points.,DOM,,DOM_FALLBACK
Giao dịch quốc tế,"27/11
01/12
03/12
05/12
09/12
11/12
-500
0
500
1000
-5500
-5000
-4500
-4000",DOM,,DOM_FALLBACK
Giao dịch quốc tế,"GIÁ TRỊ KHỐI NGOẠI RÒNG
1D
1W
1M",DOM,,DOM_FALLBACK
Giao dịch quốc tế,"28/11
02/12
04/12
08/12
10/12
12/12
-1K
0
1K
2K
-123K
-121.5K
-120K
-118.5K",DOM,,DOM_FALLBACK
Giao dịch quốc tế,"Ghi chú: gdp-thuc
Cá nhân
Thêm ghi chú bằng cách điền
vào ô bên dưới
Nhập ghi chú",DOM,,DOM_FALLBACK
Giao dịch quốc tế,"Ghi chú: gdp-thuc
Cá nhân",DOM,,DOM_FALLBACK
Giao dịch quốc tế,Ghi chú: gdp-thuc,DOM,,DOM_FALLBACK
Giao dịch quốc tế,gdp-thuc,DOM,,DOM_FALLBACK
Giao dịch quốc tế,Cá nhân,DOM,,DOM_FALLBACK
Giao dịch quốc tế,"Thêm ghi chú bằng cách điền
vào ô bên dưới",DOM,,DOM_FALLBACK
Giao dịch quốc tế,Nhập ghi chú,DOM,,DOM_FALLBACK
Giao dịch quốc tế,"Thị trường
Ngành
Cổ phiếu",DOM,,DOM_FALLBACK
Giao dịch quốc tế,Thị trường,DOM,,DOM_FALLBACK
Giao dịch quốc tế,Ngành,DOM,,DOM_FALLBACK
Giao dịch quốc tế,Cổ phiếu,DOM,,DOM_FALLBACK
Đầu tư,"Thư viện
Sửa đồ thị",DOM,,DOM_FALLBACK
Đầu tư,FDI dăng ký dự án,DOM,,DOM_FALLBACK
Đầu tư,FDI thực hiện,DOM,,DOM_FALLBACK
Đầu tư,"Mối quan hệ giữa vàng và lãi suất, bơm tiền",DOM,,DOM_FALLBACK
Đầu tư,%HUY ĐỘNG,DOM,,DOM_FALLBACK
Đầu tư,VĐT phát triển XH,DOM,,DOM_FALLBACK
Đầu tư,BÁN LẺ,DOM,,DOM_FALLBACK
Đầu tư,USD.VND 2025,DOM,,DOM_FALLBACK
Đầu tư,Bóc tách CPI YOY,DOM,,DOM_FALLBACK
Đầu tư,"​
​
Khung thời gian:
Quarterly
Kiểu giá trị:
Value",DOM,,DOM_FALLBACK
Đầu tư,"Khung thời gian:
Quarterly",DOM,,DOM_FALLBACK
Đầu tư,Khung thời gian:,DOM,,DOM_FALLBACK
Đầu tư,Quarterly,DOM,,DOM_FALLBACK
Đầu tư,"Kiểu giá trị:
Value",DOM,,DOM_FALLBACK
Đầu tư,Kiểu giá trị:,DOM,,DOM_FALLBACK
Đầu tư,Value,DOM,,DOM_FALLBACK
Đầu tư,Q3-2025,DOM,,DOM_FALLBACK
Đầu tư,Q2-2025,DOM,,DOM_FALLBACK
Đầu tư,Q1-2025,DOM,,DOM_FALLBACK
Đầu tư,Q4-2024,DOM,,DOM_FALLBACK
Đầu tư,Q3-2024,DOM,,DOM_FALLBACK
Đầu tư,Q2-2024,DOM,,DOM_FALLBACK
Đầu tư,Q1-2024,DOM,,DOM_FALLBACK
Đầu tư,Q4-2023,DOM,,DOM_FALLBACK
Đầu tư,Q3-2023,DOM,,DOM_FALLBACK
Đầu tư,Q2-2023,DOM,,DOM_FALLBACK
Đầu tư,Q1-2023,DOM,,DOM_FALLBACK
Đầu tư,Q4-2022,DOM,,DOM_FALLBACK
Đầu tư,Q3-2022,DOM,,DOM_FALLBACK
Đầu tư,Q2-2022,DOM,,DOM_FALLBACK
Đầu tư,Q1-2022,DOM,,DOM_FALLBACK
Đầu tư,GDP THỰC,DOM,,DOM_FALLBACK
Đầu tư,"Nông nghiệp, lâm nghiệp và thủy sản",DOM,,DOM_FALLBACK
Đầu tư,Nông nghiệp,DOM,,DOM_FALLBACK
Đầu tư,Lâm nghiệp,DOM,,DOM_FALLBACK
Đầu tư,Thủy sản,DOM,,DOM_FALLBACK
Đầu tư,Công nghiệp và xây dựng,DOM,,DOM_FALLBACK
Đầu tư,Dịch vụ,DOM,,DOM_FALLBACK
Đầu tư,Thuế sản phẩm trừ trợ cấp sản phẩm,DOM,,DOM_FALLBACK
Đầu tư,"Thông tin mới nhất
Tin quan trọng",DOM,,DOM_FALLBACK
Đầu tư,Thông tin mới nhất,DOM,,DOM_FALLBACK
Đầu tư,Tin quan trọng,DOM,,DOM_FALLBACK
Đầu tư,"THỊ TRƯỜNG
ĐỊNH GIÁ
DÒNG TIỀN
QUỐC TẾ",DOM,,DOM_FALLBACK
Đầu tư,"VNINDEX
Đóng cửa
1,646.01
-0.88
-0.05%",DOM,,DOM_FALLBACK
Đầu tư,"VNINDEX
Đóng cửa",DOM,,DOM_FALLBACK
Đầu tư,Đóng cửa,DOM,,DOM_FALLBACK
Đầu tư,"1,646.01
-0.88
-0.05%",DOM,,DOM_FALLBACK
Đầu tư,"Chart
Chart with 121 data points.",DOM,,DOM_FALLBACK
Đầu tư,Chart with 121 data points.,DOM,,DOM_FALLBACK
Đầu tư,End of interactive chart.,DOM,,DOM_FALLBACK
Đầu tư,"PHÂN BỔ DÒNG TIỀN
0
3
6
9
12
6.45 Nghìn tỷ
7.34 Nghìn tỷ
2.13 Nghìn tỷ
Tăng giá:
126 CP
Giảm giá:
189 CP
Không đổi:
60 CP",DOM,,DOM_FALLBACK
Đầu tư,PHÂN BỔ DÒNG TIỀN,DOM,,DOM_FALLBACK
Đầu tư,"0
3
6
9
12
6.45 Nghìn tỷ
7.34 Nghìn tỷ
2.13 Nghìn tỷ
Tăng giá:
126 CP
Giảm giá:
189 CP
Không đổi:
60 CP",DOM,,DOM_FALLBACK
Đầu tư,6.45 Nghìn tỷ,DOM,,DOM_FALLBACK
Đầu tư,7.34 Nghìn tỷ,DOM,,DOM_FALLBACK
Đầu tư,2.13 Nghìn tỷ,DOM,,DOM_FALLBACK
Đầu tư,"Tăng giá:
126 CP",DOM,,DOM_FALLBACK
Đầu tư,Tăng giá:,DOM,,DOM_FALLBACK
Đầu tư,126 CP,DOM,,DOM_FALLBACK
Đầu tư,"Giảm giá:
189 CP",DOM,,DOM_FALLBACK
Đầu tư,Giảm giá:,DOM,,DOM_FALLBACK
Đầu tư,189 CP,DOM,,DOM_FALLBACK
Đầu tư,"Không đổi:
60 CP",DOM,,DOM_FALLBACK
Đầu tư,Không đổi:,DOM,,DOM_FALLBACK
Đầu tư,60 CP,DOM,,DOM_FALLBACK
Đầu tư,TÁC ĐỘNG ĐẾN INDEX,DOM,,DOM_FALLBACK
Đầu tư,"VPB
TCX
BSR
VNM
VRE
VPX
GEE
MCH
LPB
VHM
VIC
VPL
-4
-2
0
2
1.63
1.45
0.98
0.81
0.71
-0.49
-0.73
-0.84
-0.91
-1.42
-1.83
-2.29",DOM,,DOM_FALLBACK
Đầu tư,"Tác động tăng
Tác động giảm",DOM,,DOM_FALLBACK
Đầu tư,Tác động tăng,DOM,,DOM_FALLBACK
Đầu tư,Tác động giảm,DOM,,DOM_FALLBACK
Đầu tư,"1Y
2Y
3Y
5Y
10Y
All",DOM,,DOM_FALLBACK
Đầu tư,"DIỄN BIẾN THỊ TRƯỜNG
Q4/2024
Q2/2025
Q3/2025
Vốn hoá
LNST
SLCP lưu hành",DOM,,DOM_FALLBACK
Đầu tư,"Q4/2024
Q2/2025
Q3/2025",DOM,,DOM_FALLBACK
Đầu tư,"Vốn hoá
LNST
SLCP lưu hành",DOM,,DOM_FALLBACK
Đầu tư,Vốn hoá,DOM,,DOM_FALLBACK
Đầu tư,LNST,DOM,,DOM_FALLBACK
Đầu tư,SLCP lưu hành,DOM,,DOM_FALLBACK
Đầu tư,"PE THỊ TRƯỜNG
Q4/2024
Q2/2025
Q3/2025
Average: 14.18
P/E thị trường
Max
Min
Trung bình",DOM,,DOM_FALLBACK
Đầu tư,"Q4/2024
Q2/2025
Q3/2025
Average: 14.18",DOM,,DOM_FALLBACK
Đầu tư,Average: 14.18,DOM,,DOM_FALLBACK
Đầu tư,"P/E thị trường
Max
Min
Trung bình",DOM,,DOM_FALLBACK
Đầu tư,P/E thị trường,DOM,,DOM_FALLBACK
Đầu tư,Trung bình,DOM,,DOM_FALLBACK
Đầu tư,"E/P VNINDEX - LÃI SUẤT HUY ĐỘNG 12 THÁNG
Q4/2024
Q2/2025
Q3/2025",DOM,,DOM_FALLBACK
Đầu tư,"GIÁ TRỊ TỰ DOANH RÒNG
1D
1W
1M",DOM,,DOM_FALLBACK
Đầu tư,"1D
1W
1M",DOM,,DOM_FALLBACK
Đầu tư,"Chart
Chart with 15 data points.",DOM,,DOM_FALLBACK
Đầu tư,Chart with 15 data points.,DOM,,DOM_FALLBACK
Đầu tư,"27/11
01/12
03/12
05/12
09/12
11/12
-500
0
500
1000
-5500
-5000
-4500
-4000",DOM,,DOM_FALLBACK
Đầu tư,"GIÁ TRỊ KHỐI NGOẠI RÒNG
1D
1W
1M",DOM,,DOM_FALLBACK
Đầu tư,"28/11
02/12
04/12
08/12
10/12
12/12
-1K
0
1K
2K
-123K
-121.5K
-120K
-118.5K",DOM,,DOM_FALLBACK
Đầu tư,"Ghi chú: gdp-thuc
Cá nhân
Thêm ghi chú bằng cách điền
vào ô bên dưới
Nhập ghi chú",DOM,,DOM_FALLBACK
Đầu tư,"Ghi chú: gdp-thuc
Cá nhân",DOM,,DOM_FALLBACK
Đầu tư,Ghi chú: gdp-thuc,DOM,,DOM_FALLBACK
Đầu tư,gdp-thuc,DOM,,DOM_FALLBACK
Đầu tư,Cá nhân,DOM,,DOM_FALLBACK
Đầu tư,"Thêm ghi chú bằng cách điền
vào ô bên dưới",DOM,,DOM_FALLBACK
Đầu tư,Nhập ghi chú,DOM,,DOM_FALLBACK
Đầu tư,"Thị trường
Ngành
Cổ phiếu",DOM,,DOM_FALLBACK
Đầu tư,Thị trường,DOM,,DOM_FALLBACK
Đầu tư,Ngành,DOM,,DOM_FALLBACK
Đầu tư,Cổ phiếu,DOM,,DOM_FALLBACK
Hệ thống ngân hàng,"Thư viện
Sửa đồ thị",DOM,,DOM_FALLBACK
Hệ thống ngân hàng,FDI dăng ký dự án,DOM,,DOM_FALLBACK
Hệ thống ngân hàng,FDI thực hiện,DOM,,DOM_FALLBACK
Hệ thống ngân hàng,"Mối quan hệ giữa vàng và lãi suất, bơm tiền",DOM,,DOM_FALLBACK
Hệ thống ngân hàng,%HUY ĐỘNG,DOM,,DOM_FALLBACK
Hệ thống ngân hàng,VĐT phát triển XH,DOM,,DOM_FALLBACK
Hệ thống ngân hàng,BÁN LẺ,DOM,,DOM_FALLBACK
Hệ thống ngân hàng,USD.VND 2025,DOM,,DOM_FALLBACK
Hệ thống ngân hàng,Bóc tách CPI YOY,DOM,,DOM_FALLBACK
Hệ thống ngân hàng,"​
​
Khung thời gian:
Quarterly
Kiểu giá trị:
Value",DOM,,DOM_FALLBACK
Hệ thống ngân hàng,"Khung thời gian:
Quarterly",DOM,,DOM_FALLBACK
Hệ thống ngân hàng,Khung thời gian:,DOM,,DOM_FALLBACK
Hệ thống ngân hàng,Quarterly,DOM,,DOM_FALLBACK
Hệ thống ngân hàng,"Kiểu giá trị:
Value",DOM,,DOM_FALLBACK
Hệ thống ngân hàng,Kiểu giá trị:,DOM,,DOM_FALLBACK
Hệ thống ngân hàng,Value,DOM,,DOM_FALLBACK
Hệ thống ngân hàng,Q3-2025,DOM,,DOM_FALLBACK
Hệ thống ngân hàng,Q2-2025,DOM,,DOM_FALLBACK
Hệ thống ngân hàng,Q1-2025,DOM,,DOM_FALLBACK
Hệ thống ngân hàng,Q4-2024,DOM,,DOM_FALLBACK
Hệ thống ngân hàng,Q3-2024,DOM,,DOM_FALLBACK
Hệ thống ngân hàng,Q2-2024,DOM,,DOM_FALLBACK
Hệ thống ngân hàng,Q1-2024,DOM,,DOM_FALLBACK
Hệ thống ngân hàng,Q4-2023,DOM,,DOM_FALLBACK
Hệ thống ngân hàng,Q3-2023,DOM,,DOM_FALLBACK
Hệ thống ngân hàng,Q2-2023,DOM,,DOM_FALLBACK
Hệ thống ngân hàng,Q1-2023,DOM,,DOM_FALLBACK
Hệ thống ngân hàng,Q4-2022,DOM,,DOM_FALLBACK
Hệ thống ngân hàng,Q3-2022,DOM,,DOM_FALLBACK
Hệ thống ngân hàng,Q2-2022,DOM,,DOM_FALLBACK
Hệ thống ngân hàng,Q1-2022,DOM,,DOM_FALLBACK
Hệ thống ngân hàng,GDP THỰC,DOM,,DOM_FALLBACK
Hệ thống ngân hàng,"Nông nghiệp, lâm nghiệp và thủy sản",DOM,,DOM_FALLBACK
Hệ thống ngân hàng,Nông nghiệp,DOM,,DOM_FALLBACK
Hệ thống ngân hàng,Lâm nghiệp,DOM,,DOM_FALLBACK
Hệ thống ngân hàng,Thủy sản,DOM,,DOM_FALLBACK
Hệ thống ngân hàng,Công nghiệp và xây dựng,DOM,,DOM_FALLBACK
Hệ thống ngân hàng,Dịch vụ,DOM,,DOM_FALLBACK
Hệ thống ngân hàng,Thuế sản phẩm trừ trợ cấp sản phẩm,DOM,,DOM_FALLBACK
Hệ thống ngân hàng,"Thông tin mới nhất
Tin quan trọng",DOM,,DOM_FALLBACK
Hệ thống ngân hàng,Thông tin mới nhất,DOM,,DOM_FALLBACK
Hệ thống ngân hàng,Tin quan trọng,DOM,,DOM_FALLBACK
Hệ thống ngân hàng,"THỊ TRƯỜNG
ĐỊNH GIÁ
DÒNG TIỀN
QUỐC TẾ",DOM,,DOM_FALLBACK
Hệ thống ngân hàng,"VNINDEX
Đóng cửa
1,646.01
-0.88
-0.05%",DOM,,DOM_FALLBACK
Hệ thống ngân hàng,"VNINDEX
Đóng cửa",DOM,,DOM_FALLBACK
Hệ thống ngân hàng,Đóng cửa,DOM,,DOM_FALLBACK
Hệ thống ngân hàng,"1,646.01
-0.88
-0.05%",DOM,,DOM_FALLBACK
Hệ thống ngân hàng,"Chart
Chart with 121 data points.",DOM,,DOM_FALLBACK
Hệ thống ngân hàng,Chart with 121 data points.,DOM,,DOM_FALLBACK
Hệ thống ngân hàng,End of interactive chart.,DOM,,DOM_FALLBACK
Hệ thống ngân hàng,"PHÂN BỔ DÒNG TIỀN
0
3
6
9
12
6.45 Nghìn tỷ
7.34 Nghìn tỷ
2.13 Nghìn tỷ
Tăng giá:
126 CP
Giảm giá:
189 CP
Không đổi:
60 CP",DOM,,DOM_FALLBACK
Hệ thống ngân hàng,PHÂN BỔ DÒNG TIỀN,DOM,,DOM_FALLBACK
Hệ thống ngân hàng,"0
3
6
9
12
6.45 Nghìn tỷ
7.34 Nghìn tỷ
2.13 Nghìn tỷ
Tăng giá:
126 CP
Giảm giá:
189 CP
Không đổi:
60 CP",DOM,,DOM_FALLBACK
Hệ thống ngân hàng,6.45 Nghìn tỷ,DOM,,DOM_FALLBACK
Hệ thống ngân hàng,7.34 Nghìn tỷ,DOM,,DOM_FALLBACK
Hệ thống ngân hàng,2.13 Nghìn tỷ,DOM,,DOM_FALLBACK
Hệ thống ngân hàng,"Tăng giá:
126 CP",DOM,,DOM_FALLBACK
Hệ thống ngân hàng,Tăng giá:,DOM,,DOM_FALLBACK
Hệ thống ngân hàng,126 CP,DOM,,DOM_FALLBACK
Hệ thống ngân hàng,"Giảm giá:
189 CP",DOM,,DOM_FALLBACK
Hệ thống ngân hàng,Giảm giá:,DOM,,DOM_FALLBACK
Hệ thống ngân hàng,189 CP,DOM,,DOM_FALLBACK
Hệ thống ngân hàng,"Không đổi:
60 CP",DOM,,DOM_FALLBACK
Hệ thống ngân hàng,Không đổi:,DOM,,DOM_FALLBACK
Hệ thống ngân hàng,60 CP,DOM,,DOM_FALLBACK
Hệ thống ngân hàng,TÁC ĐỘNG ĐẾN INDEX,DOM,,DOM_FALLBACK
Hệ thống ngân hàng,"VPB
TCX
BSR
VNM
VRE
VPX
GEE
MCH
LPB
VHM
VIC
VPL
-4
-2
0
2
1.63
1.45
0.98
0.81
0.71
-0.49
-0.73
-0.84
-0.91
-1.42
-1.83
-2.29",DOM,,DOM_FALLBACK
Hệ thống ngân hàng,"Tác động tăng
Tác động giảm",DOM,,DOM_FALLBACK
Hệ thống ngân hàng,Tác động tăng,DOM,,DOM_FALLBACK
Hệ thống ngân hàng,Tác động giảm,DOM,,DOM_FALLBACK
Hệ thống ngân hàng,"1Y
2Y
3Y
5Y
10Y
All",DOM,,DOM_FALLBACK
Hệ thống ngân hàng,"DIỄN BIẾN THỊ TRƯỜNG
Q4/2024
Q2/2025
Q3/2025
Vốn hoá
LNST
SLCP lưu hành",DOM,,DOM_FALLBACK
Hệ thống ngân hàng,"Q4/2024
Q2/2025
Q3/2025",DOM,,DOM_FALLBACK
Hệ thống ngân hàng,"Vốn hoá
LNST
SLCP lưu hành",DOM,,DOM_FALLBACK
Hệ thống ngân hàng,Vốn hoá,DOM,,DOM_FALLBACK
Hệ thống ngân hàng,LNST,DOM,,DOM_FALLBACK
Hệ thống ngân hàng,SLCP lưu hành,DOM,,DOM_FALLBACK
Hệ thống ngân hàng,"PE THỊ TRƯỜNG
Q4/2024
Q2/2025
Q3/2025
Average: 14.18
P/E thị trường
Max
Min
Trung bình",DOM,,DOM_FALLBACK
Hệ thống ngân hàng,"Q4/2024
Q2/2025
Q3/2025
Average: 14.18",DOM,,DOM_FALLBACK
Hệ thống ngân hàng,Average: 14.18,DOM,,DOM_FALLBACK
Hệ thống ngân hàng,"P/E thị trường
Max
Min
Trung bình",DOM,,DOM_FALLBACK
Hệ thống ngân hàng,P/E thị trường,DOM,,DOM_FALLBACK
Hệ thống ngân hàng,Trung bình,DOM,,DOM_FALLBACK
Hệ thống ngân hàng,"E/P VNINDEX - LÃI SUẤT HUY ĐỘNG 12 THÁNG
Q4/2024
Q2/2025
Q3/2025",DOM,,DOM_FALLBACK
Hệ thống ngân hàng,"GIÁ TRỊ TỰ DOANH RÒNG
1D
1W
1M",DOM,,DOM_FALLBACK
Hệ thống ngân hàng,"1D
1W
1M",DOM,,DOM_FALLBACK
Hệ thống ngân hàng,"Chart
Chart with 15 data points.",DOM,,DOM_FALLBACK
Hệ thống ngân hàng,Chart with 15 data points.,DOM,,DOM_FALLBACK
Hệ thống ngân hàng,"27/11
01/12
03/12
05/12
09/12
11/12
-500
0
500
1000
-5500
-5000
-4500
-4000",DOM,,DOM_FALLBACK
Hệ thống ngân hàng,"GIÁ TRỊ KHỐI NGOẠI RÒNG
1D
1W
1M",DOM,,DOM_FALLBACK
Hệ thống ngân hàng,"28/11
02/12
04/12
08/12
10/12
12/12
-1K
0
1K
2K
-123K
-121.5K
-120K
-118.5K",DOM,,DOM_FALLBACK
Hệ thống ngân hàng,"Ghi chú: gdp-thuc
Cá nhân
Thêm ghi chú bằng cách điền
vào ô bên dưới
Nhập ghi chú",DOM,,DOM_FALLBACK
Hệ thống ngân hàng,"Ghi chú: gdp-thuc
Cá nhân",DOM,,DOM_FALLBACK
Hệ thống ngân hàng,Ghi chú: gdp-thuc,DOM,,DOM_FALLBACK
Hệ thống ngân hàng,gdp-thuc,DOM,,DOM_FALLBACK
Hệ thống ngân hàng,Cá nhân,DOM,,DOM_FALLBACK
Hệ thống ngân hàng,"Thêm ghi chú bằng cách điền
vào ô bên dưới",DOM,,DOM_FALLBACK
Hệ thống ngân hàng,Nhập ghi chú,DOM,,DOM_FALLBACK
Hệ thống ngân hàng,"Thị trường
Ngành
Cổ phiếu",DOM,,DOM_FALLBACK
Hệ thống ngân hàng,Thị trường,DOM,,DOM_FALLBACK
Hệ thống ngân hàng,Ngành,DOM,,DOM_FALLBACK
Hệ thống ngân hàng,Cổ phiếu,DOM,,DOM_FALLBACK
Thị trường tiền tệ,"Thư viện
Sửa đồ thị",DOM,,DOM_FALLBACK
Thị trường tiền tệ,FDI dăng ký dự án,DOM,,DOM_FALLBACK
Thị trường tiền tệ,FDI thực hiện,DOM,,DOM_FALLBACK
Thị trường tiền tệ,"Mối quan hệ giữa vàng và lãi suất, bơm tiền",DOM,,DOM_FALLBACK
Thị trường tiền tệ,%HUY ĐỘNG,DOM,,DOM_FALLBACK
Thị trường tiền tệ,VĐT phát triển XH,DOM,,DOM_FALLBACK
Thị trường tiền tệ,BÁN LẺ,DOM,,DOM_FALLBACK
Thị trường tiền tệ,USD.VND 2025,DOM,,DOM_FALLBACK
Thị trường tiền tệ,Bóc tách CPI YOY,DOM,,DOM_FALLBACK
Thị trường tiền tệ,"​
​
Khung thời gian:
Quarterly
Kiểu giá trị:
Value",DOM,,DOM_FALLBACK
Thị trường tiền tệ,"Khung thời gian:
Quarterly",DOM,,DOM_FALLBACK
Thị trường tiền tệ,Khung thời gian:,DOM,,DOM_FALLBACK
Thị trường tiền tệ,Quarterly,DOM,,DOM_FALLBACK
Thị trường tiền tệ,"Kiểu giá trị:
Value",DOM,,DOM_FALLBACK
Thị trường tiền tệ,Kiểu giá trị:,DOM,,DOM_FALLBACK
Thị trường tiền tệ,Value,DOM,,DOM_FALLBACK
Thị trường tiền tệ,Q3-2025,DOM,,DOM_FALLBACK
Thị trường tiền tệ,Q2-2025,DOM,,DOM_FALLBACK
Thị trường tiền tệ,Q1-2025,DOM,,DOM_FALLBACK
Thị trường tiền tệ,Q4-2024,DOM,,DOM_FALLBACK
Thị trường tiền tệ,Q3-2024,DOM,,DOM_FALLBACK
Thị trường tiền tệ,Q2-2024,DOM,,DOM_FALLBACK
Thị trường tiền tệ,Q1-2024,DOM,,DOM_FALLBACK
Thị trường tiền tệ,Q4-2023,DOM,,DOM_FALLBACK
Thị trường tiền tệ,Q3-2023,DOM,,DOM_FALLBACK
Thị trường tiền tệ,Q2-2023,DOM,,DOM_FALLBACK
Thị trường tiền tệ,Q1-2023,DOM,,DOM_FALLBACK
Thị trường tiền tệ,Q4-2022,DOM,,DOM_FALLBACK
Thị trường tiền tệ,Q3-2022,DOM,,DOM_FALLBACK
Thị trường tiền tệ,Q2-2022,DOM,,DOM_FALLBACK
Thị trường tiền tệ,Q1-2022,DOM,,DOM_FALLBACK
Thị trường tiền tệ,GDP THỰC,DOM,,DOM_FALLBACK
Thị trường tiền tệ,"Nông nghiệp, lâm nghiệp và thủy sản",DOM,,DOM_FALLBACK
Thị trường tiền tệ,Nông nghiệp,DOM,,DOM_FALLBACK
Thị trường tiền tệ,Lâm nghiệp,DOM,,DOM_FALLBACK
Thị trường tiền tệ,Thủy sản,DOM,,DOM_FALLBACK
Thị trường tiền tệ,Công nghiệp và xây dựng,DOM,,DOM_FALLBACK
Thị trường tiền tệ,Dịch vụ,DOM,,DOM_FALLBACK
Thị trường tiền tệ,Thuế sản phẩm trừ trợ cấp sản phẩm,DOM,,DOM_FALLBACK
Thị trường tiền tệ,"Thông tin mới nhất
Tin quan trọng",DOM,,DOM_FALLBACK
Thị trường tiền tệ,Thông tin mới nhất,DOM,,DOM_FALLBACK
Thị trường tiền tệ,Tin quan trọng,DOM,,DOM_FALLBACK
Thị trường tiền tệ,"THỊ TRƯỜNG
ĐỊNH GIÁ
DÒNG TIỀN
QUỐC TẾ",DOM,,DOM_FALLBACK
Thị trường tiền tệ,"VNINDEX
Đóng cửa
1,646.01
-0.88
-0.05%",DOM,,DOM_FALLBACK
Thị trường tiền tệ,"VNINDEX
Đóng cửa",DOM,,DOM_FALLBACK
Thị trường tiền tệ,Đóng cửa,DOM,,DOM_FALLBACK
Thị trường tiền tệ,"1,646.01
-0.88
-0.05%",DOM,,DOM_FALLBACK
Thị trường tiền tệ,"Chart
Chart with 121 data points.",DOM,,DOM_FALLBACK
Thị trường tiền tệ,Chart with 121 data points.,DOM,,DOM_FALLBACK
Thị trường tiền tệ,End of interactive chart.,DOM,,DOM_FALLBACK
Thị trường tiền tệ,"PHÂN BỔ DÒNG TIỀN
0
3
6
9
12
6.45 Nghìn tỷ
7.34 Nghìn tỷ
2.13 Nghìn tỷ
Tăng giá:
126 CP
Giảm giá:
189 CP
Không đổi:
60 CP",DOM,,DOM_FALLBACK
Thị trường tiền tệ,PHÂN BỔ DÒNG TIỀN,DOM,,DOM_FALLBACK
Thị trường tiền tệ,"0
3
6
9
12
6.45 Nghìn tỷ
7.34 Nghìn tỷ
2.13 Nghìn tỷ
Tăng giá:
126 CP
Giảm giá:
189 CP
Không đổi:
60 CP",DOM,,DOM_FALLBACK
Thị trường tiền tệ,6.45 Nghìn tỷ,DOM,,DOM_FALLBACK
Thị trường tiền tệ,7.34 Nghìn tỷ,DOM,,DOM_FALLBACK
Thị trường tiền tệ,2.13 Nghìn tỷ,DOM,,DOM_FALLBACK
Thị trường tiền tệ,"Tăng giá:
126 CP",DOM,,DOM_FALLBACK
Thị trường tiền tệ,Tăng giá:,DOM,,DOM_FALLBACK
Thị trường tiền tệ,126 CP,DOM,,DOM_FALLBACK
Thị trường tiền tệ,"Giảm giá:
189 CP",DOM,,DOM_FALLBACK
Thị trường tiền tệ,Giảm giá:,DOM,,DOM_FALLBACK
Thị trường tiền tệ,189 CP,DOM,,DOM_FALLBACK
Thị trường tiền tệ,"Không đổi:
60 CP",DOM,,DOM_FALLBACK
Thị trường tiền tệ,Không đổi:,DOM,,DOM_FALLBACK
Thị trường tiền tệ,60 CP,DOM,,DOM_FALLBACK
Thị trường tiền tệ,TÁC ĐỘNG ĐẾN INDEX,DOM,,DOM_FALLBACK
Thị trường tiền tệ,"VPB
TCX
BSR
VNM
VRE
VPX
GEE
MCH
LPB
VHM
VIC
VPL
-4
-2
0
2
1.63
1.45
0.98
0.81
0.71
-0.49
-0.73
-0.84
-0.91
-1.42
-1.83
-2.29",DOM,,DOM_FALLBACK
Thị trường tiền tệ,"Tác động tăng
Tác động giảm",DOM,,DOM_FALLBACK
Thị trường tiền tệ,Tác động tăng,DOM,,DOM_FALLBACK
Thị trường tiền tệ,Tác động giảm,DOM,,DOM_FALLBACK
Thị trường tiền tệ,"1Y
2Y
3Y
5Y
10Y
All",DOM,,DOM_FALLBACK
Thị trường tiền tệ,"DIỄN BIẾN THỊ TRƯỜNG
Q4/2024
Q2/2025
Q3/2025
Vốn hoá
LNST
SLCP lưu hành",DOM,,DOM_FALLBACK
Thị trường tiền tệ,"Q4/2024
Q2/2025
Q3/2025",DOM,,DOM_FALLBACK
Thị trường tiền tệ,"Vốn hoá
LNST
SLCP lưu hành",DOM,,DOM_FALLBACK
Thị trường tiền tệ,Vốn hoá,DOM,,DOM_FALLBACK
Thị trường tiền tệ,LNST,DOM,,DOM_FALLBACK
Thị trường tiền tệ,SLCP lưu hành,DOM,,DOM_FALLBACK
Thị trường tiền tệ,"PE THỊ TRƯỜNG
Q4/2024
Q2/2025
Q3/2025
Average: 14.18
P/E thị trường
Max
Min
Trung bình",DOM,,DOM_FALLBACK
Thị trường tiền tệ,"Q4/2024
Q2/2025
Q3/2025
Average: 14.18",DOM,,DOM_FALLBACK
Thị trường tiền tệ,Average: 14.18,DOM,,DOM_FALLBACK
Thị trường tiền tệ,"P/E thị trường
Max
Min
Trung bình",DOM,,DOM_FALLBACK
Thị trường tiền tệ,P/E thị trường,DOM,,DOM_FALLBACK
Thị trường tiền tệ,Trung bình,DOM,,DOM_FALLBACK
Thị trường tiền tệ,"E/P VNINDEX - LÃI SUẤT HUY ĐỘNG 12 THÁNG
Q4/2024
Q2/2025
Q3/2025",DOM,,DOM_FALLBACK
Thị trường tiền tệ,"GIÁ TRỊ TỰ DOANH RÒNG
1D
1W
1M",DOM,,DOM_FALLBACK
Thị trường tiền tệ,"1D
1W
1M",DOM,,DOM_FALLBACK
Thị trường tiền tệ,"Chart
Chart with 15 data points.",DOM,,DOM_FALLBACK
Thị trường tiền tệ,Chart with 15 data points.,DOM,,DOM_FALLBACK
Thị trường tiền tệ,"27/11
01/12
03/12
05/12
09/12
11/12
-500
0
500
1000
-5500
-5000
-4500
-4000",DOM,,DOM_FALLBACK
Thị trường tiền tệ,"GIÁ TRỊ KHỐI NGOẠI RÒNG
1D
1W
1M",DOM,,DOM_FALLBACK
Thị trường tiền tệ,"28/11
02/12
04/12
08/12
10/12
12/12
-1K
0
1K
2K
-123K
-121.5K
-120K
-118.5K",DOM,,DOM_FALLBACK
Thị trường tiền tệ,"Ghi chú: gdp-thuc
Cá nhân
Thêm ghi chú bằng cách điền
vào ô bên dưới
Nhập ghi chú",DOM,,DOM_FALLBACK
Thị trường tiền tệ,"Ghi chú: gdp-thuc
Cá nhân",DOM,,DOM_FALLBACK
Thị trường tiền tệ,Ghi chú: gdp-thuc,DOM,,DOM_FALLBACK
Thị trường tiền tệ,gdp-thuc,DOM,,DOM_FALLBACK
Thị trường tiền tệ,Cá nhân,DOM,,DOM_FALLBACK
Thị trường tiền tệ,"Thêm ghi chú bằng cách điền
vào ô bên dưới",DOM,,DOM_FALLBACK
Thị trường tiền tệ,Nhập ghi chú,DOM,,DOM_FALLBACK
Thị trường tiền tệ,"Thị trường
Ngành
Cổ phiếu",DOM,,DOM_FALLBACK
Thị trường tiền tệ,Thị trường,DOM,,DOM_FALLBACK
Thị trường tiền tệ,Ngành,DOM,,DOM_FALLBACK
Thị trường tiền tệ,Cổ phiếu,DOM,,DOM_FALLBACK
Thị trường vốn,"Thư viện
Sửa đồ thị",DOM,,DOM_FALLBACK
Thị trường vốn,FDI dăng ký dự án,DOM,,DOM_FALLBACK
Thị trường vốn,FDI thực hiện,DOM,,DOM_FALLBACK
Thị trường vốn,"Mối quan hệ giữa vàng và lãi suất, bơm tiền",DOM,,DOM_FALLBACK
Thị trường vốn,%HUY ĐỘNG,DOM,,DOM_FALLBACK
Thị trường vốn,VĐT phát triển XH,DOM,,DOM_FALLBACK
Thị trường vốn,BÁN LẺ,DOM,,DOM_FALLBACK
Thị trường vốn,USD.VND 2025,DOM,,DOM_FALLBACK
Thị trường vốn,Bóc tách CPI YOY,DOM,,DOM_FALLBACK
Thị trường vốn,"​
​
Khung thời gian:
Quarterly
Kiểu giá trị:
Value",DOM,,DOM_FALLBACK
Thị trường vốn,"Khung thời gian:
Quarterly",DOM,,DOM_FALLBACK
Thị trường vốn,Khung thời gian:,DOM,,DOM_FALLBACK
Thị trường vốn,Quarterly,DOM,,DOM_FALLBACK
Thị trường vốn,"Kiểu giá trị:
Value",DOM,,DOM_FALLBACK
Thị trường vốn,Kiểu giá trị:,DOM,,DOM_FALLBACK
Thị trường vốn,Value,DOM,,DOM_FALLBACK
Thị trường vốn,Q3-2025,DOM,,DOM_FALLBACK
Thị trường vốn,Q2-2025,DOM,,DOM_FALLBACK
Thị trường vốn,Q1-2025,DOM,,DOM_FALLBACK
Thị trường vốn,Q4-2024,DOM,,DOM_FALLBACK
Thị trường vốn,Q3-2024,DOM,,DOM_FALLBACK
Thị trường vốn,Q2-2024,DOM,,DOM_FALLBACK
Thị trường vốn,Q1-2024,DOM,,DOM_FALLBACK
Thị trường vốn,Q4-2023,DOM,,DOM_FALLBACK
Thị trường vốn,Q3-2023,DOM,,DOM_FALLBACK
Thị trường vốn,Q2-2023,DOM,,DOM_FALLBACK
Thị trường vốn,Q1-2023,DOM,,DOM_FALLBACK
Thị trường vốn,Q4-2022,DOM,,DOM_FALLBACK
Thị trường vốn,Q3-2022,DOM,,DOM_FALLBACK
Thị trường vốn,Q2-2022,DOM,,DOM_FALLBACK
Thị trường vốn,Q1-2022,DOM,,DOM_FALLBACK
Thị trường vốn,GDP THỰC,DOM,,DOM_FALLBACK
Thị trường vốn,"Nông nghiệp, lâm nghiệp và thủy sản",DOM,,DOM_FALLBACK
Thị trường vốn,Nông nghiệp,DOM,,DOM_FALLBACK
Thị trường vốn,Lâm nghiệp,DOM,,DOM_FALLBACK
Thị trường vốn,Thủy sản,DOM,,DOM_FALLBACK
Thị trường vốn,Công nghiệp và xây dựng,DOM,,DOM_FALLBACK
Thị trường vốn,Dịch vụ,DOM,,DOM_FALLBACK
Thị trường vốn,Thuế sản phẩm trừ trợ cấp sản phẩm,DOM,,DOM_FALLBACK
Thị trường vốn,"Thông tin mới nhất
Tin quan trọng",DOM,,DOM_FALLBACK
Thị trường vốn,Thông tin mới nhất,DOM,,DOM_FALLBACK
Thị trường vốn,Tin quan trọng,DOM,,DOM_FALLBACK
Thị trường vốn,"THỊ TRƯỜNG
ĐỊNH GIÁ
DÒNG TIỀN
QUỐC TẾ",DOM,,DOM_FALLBACK
Thị trường vốn,"VNINDEX
Đóng cửa
1,646.01
-0.88
-0.05%",DOM,,DOM_FALLBACK
Thị trường vốn,"VNINDEX
Đóng cửa",DOM,,DOM_FALLBACK
Thị trường vốn,Đóng cửa,DOM,,DOM_FALLBACK
Thị trường vốn,"1,646.01
-0.88
-0.05%",DOM,,DOM_FALLBACK
Thị trường vốn,"Chart
Chart with 121 data points.",DOM,,DOM_FALLBACK
Thị trường vốn,Chart with 121 data points.,DOM,,DOM_FALLBACK
Thị trường vốn,End of interactive chart.,DOM,,DOM_FALLBACK
Thị trường vốn,"PHÂN BỔ DÒNG TIỀN
0
3
6
9
12
6.45 Nghìn tỷ
7.34 Nghìn tỷ
2.13 Nghìn tỷ
Tăng giá:
126 CP
Giảm giá:
189 CP
Không đổi:
60 CP",DOM,,DOM_FALLBACK
Thị trường vốn,PHÂN BỔ DÒNG TIỀN,DOM,,DOM_FALLBACK
Thị trường vốn,"0
3
6
9
12
6.45 Nghìn tỷ
7.34 Nghìn tỷ
2.13 Nghìn tỷ
Tăng giá:
126 CP
Giảm giá:
189 CP
Không đổi:
60 CP",DOM,,DOM_FALLBACK
Thị trường vốn,6.45 Nghìn tỷ,DOM,,DOM_FALLBACK
Thị trường vốn,7.34 Nghìn tỷ,DOM,,DOM_FALLBACK
Thị trường vốn,2.13 Nghìn tỷ,DOM,,DOM_FALLBACK
Thị trường vốn,"Tăng giá:
126 CP",DOM,,DOM_FALLBACK
Thị trường vốn,Tăng giá:,DOM,,DOM_FALLBACK
Thị trường vốn,126 CP,DOM,,DOM_FALLBACK
Thị trường vốn,"Giảm giá:
189 CP",DOM,,DOM_FALLBACK
Thị trường vốn,Giảm giá:,DOM,,DOM_FALLBACK
Thị trường vốn,189 CP,DOM,,DOM_FALLBACK
Thị trường vốn,"Không đổi:
60 CP",DOM,,DOM_FALLBACK
Thị trường vốn,Không đổi:,DOM,,DOM_FALLBACK
Thị trường vốn,60 CP,DOM,,DOM_FALLBACK
Thị trường vốn,TÁC ĐỘNG ĐẾN INDEX,DOM,,DOM_FALLBACK
Thị trường vốn,"VPB
TCX
BSR
VNM
VRE
VPX
GEE
MCH
LPB
VHM
VIC
VPL
-4
-2
0
2
1.63
1.45
0.98
0.81
0.71
-0.49
-0.73
-0.84
-0.91
-1.42
-1.83
-2.29",DOM,,DOM_FALLBACK
Thị trường vốn,"Tác động tăng
Tác động giảm",DOM,,DOM_FALLBACK
Thị trường vốn,Tác động tăng,DOM,,DOM_FALLBACK
Thị trường vốn,Tác động giảm,DOM,,DOM_FALLBACK
Thị trường vốn,"1Y
2Y
3Y
5Y
10Y
All",DOM,,DOM_FALLBACK
Thị trường vốn,"DIỄN BIẾN THỊ TRƯỜNG
Q4/2024
Q2/2025
Q3/2025
Vốn hoá
LNST
SLCP lưu hành",DOM,,DOM_FALLBACK
Thị trường vốn,"Q4/2024
Q2/2025
Q3/2025",DOM,,DOM_FALLBACK
Thị trường vốn,"Vốn hoá
LNST
SLCP lưu hành",DOM,,DOM_FALLBACK
Thị trường vốn,Vốn hoá,DOM,,DOM_FALLBACK
Thị trường vốn,LNST,DOM,,DOM_FALLBACK
Thị trường vốn,SLCP lưu hành,DOM,,DOM_FALLBACK
Thị trường vốn,"PE THỊ TRƯỜNG
Q4/2024
Q2/2025
Q3/2025
Average: 14.18
P/E thị trường
Max
Min
Trung bình",DOM,,DOM_FALLBACK
Thị trường vốn,"Q4/2024
Q2/2025
Q3/2025
Average: 14.18",DOM,,DOM_FALLBACK
Thị trường vốn,Average: 14.18,DOM,,DOM_FALLBACK
Thị trường vốn,"P/E thị trường
Max
Min
Trung bình",DOM,,DOM_FALLBACK
Thị trường vốn,P/E thị trường,DOM,,DOM_FALLBACK
Thị trường vốn,Trung bình,DOM,,DOM_FALLBACK
Thị trường vốn,"E/P VNINDEX - LÃI SUẤT HUY ĐỘNG 12 THÁNG
Q4/2024
Q2/2025
Q3/2025",DOM,,DOM_FALLBACK
Thị trường vốn,"GIÁ TRỊ TỰ DOANH RÒNG
1D
1W
1M",DOM,,DOM_FALLBACK
Thị trường vốn,"1D
1W
1M",DOM,,DOM_FALLBACK
Thị trường vốn,"Chart
Chart with 15 data points.",DOM,,DOM_FALLBACK
Thị trường vốn,Chart with 15 data points.,DOM,,DOM_FALLBACK
Thị trường vốn,"27/11
01/12
03/12
05/12
09/12
11/12
-500
0
500
1000
-5500
-5000
-4500
-4000",DOM,,DOM_FALLBACK
Thị trường vốn,"GIÁ TRỊ KHỐI NGOẠI RÒNG
1D
1W
1M",DOM,,DOM_FALLBACK
Thị trường vốn,"28/11
02/12
04/12
08/12
10/12
12/12
-1K
0
1K
2K
-123K
-121.5K
-120K
-118.5K",DOM,,DOM_FALLBACK
Thị trường vốn,"Ghi chú: gdp-thuc
Cá nhân
Thêm ghi chú bằng cách điền
vào ô bên dưới
Nhập ghi chú",DOM,,DOM_FALLBACK
Thị trường vốn,"Ghi chú: gdp-thuc
Cá nhân",DOM,,DOM_FALLBACK
Thị trường vốn,Ghi chú: gdp-thuc,DOM,,DOM_FALLBACK
Thị trường vốn,gdp-thuc,DOM,,DOM_FALLBACK
Thị trường vốn,Cá nhân,DOM,,DOM_FALLBACK
Thị trường vốn,"Thêm ghi chú bằng cách điền
vào ô bên dưới",DOM,,DOM_FALLBACK
Thị trường vốn,Nhập ghi chú,DOM,,DOM_FALLBACK
Thị trường vốn,"Thị trường
Ngành
Cổ phiếu",DOM,,DOM_FALLBACK
Thị trường vốn,Thị trường,DOM,,DOM_FALLBACK
Thị trường vốn,Ngành,DOM,,DOM_FALLBACK
Thị trường vốn,Cổ phiếu,DOM,,DOM_FALLBACK
Tài khóa,"Thư viện
Sửa đồ thị",DOM,,DOM_FALLBACK
Tài khóa,FDI dăng ký dự án,DOM,,DOM_FALLBACK
Tài khóa,FDI thực hiện,DOM,,DOM_FALLBACK
Tài khóa,"Mối quan hệ giữa vàng và lãi suất, bơm tiền",DOM,,DOM_FALLBACK
Tài khóa,%HUY ĐỘNG,DOM,,DOM_FALLBACK
Tài khóa,VĐT phát triển XH,DOM,,DOM_FALLBACK
Tài khóa,BÁN LẺ,DOM,,DOM_FALLBACK
Tài khóa,USD.VND 2025,DOM,,DOM_FALLBACK
Tài khóa,Bóc tách CPI YOY,DOM,,DOM_FALLBACK
Tài khóa,"​
​
Khung thời gian:
Quarterly
Kiểu giá trị:
Value",DOM,,DOM_FALLBACK
Tài khóa,"Khung thời gian:
Quarterly",DOM,,DOM_FALLBACK
Tài khóa,Khung thời gian:,DOM,,DOM_FALLBACK
Tài khóa,Quarterly,DOM,,DOM_FALLBACK
Tài khóa,"Kiểu giá trị:
Value",DOM,,DOM_FALLBACK
Tài khóa,Kiểu giá trị:,DOM,,DOM_FALLBACK
Tài khóa,Value,DOM,,DOM_FALLBACK
Tài khóa,Q3-2025,DOM,,DOM_FALLBACK
Tài khóa,Q2-2025,DOM,,DOM_FALLBACK
Tài khóa,Q1-2025,DOM,,DOM_FALLBACK
Tài khóa,Q4-2024,DOM,,DOM_FALLBACK
Tài khóa,Q3-2024,DOM,,DOM_FALLBACK
Tài khóa,Q2-2024,DOM,,DOM_FALLBACK
Tài khóa,Q1-2024,DOM,,DOM_FALLBACK
Tài khóa,Q4-2023,DOM,,DOM_FALLBACK
Tài khóa,Q3-2023,DOM,,DOM_FALLBACK
Tài khóa,Q2-2023,DOM,,DOM_FALLBACK
Tài khóa,Q1-2023,DOM,,DOM_FALLBACK
Tài khóa,Q4-2022,DOM,,DOM_FALLBACK
Tài khóa,Q3-2022,DOM,,DOM_FALLBACK
Tài khóa,Q2-2022,DOM,,DOM_FALLBACK
Tài khóa,Q1-2022,DOM,,DOM_FALLBACK
Tài khóa,GDP THỰC,DOM,,DOM_FALLBACK
Tài khóa,"Nông nghiệp, lâm nghiệp và thủy sản",DOM,,DOM_FALLBACK
Tài khóa,Nông nghiệp,DOM,,DOM_FALLBACK
Tài khóa,Lâm nghiệp,DOM,,DOM_FALLBACK
Tài khóa,Thủy sản,DOM,,DOM_FALLBACK
Tài khóa,Công nghiệp và xây dựng,DOM,,DOM_FALLBACK
Tài khóa,Dịch vụ,DOM,,DOM_FALLBACK
Tài khóa,Thuế sản phẩm trừ trợ cấp sản phẩm,DOM,,DOM_FALLBACK
Tài khóa,"Thông tin mới nhất
Tin quan trọng",DOM,,DOM_FALLBACK
Tài khóa,Thông tin mới nhất,DOM,,DOM_FALLBACK
Tài khóa,Tin quan trọng,DOM,,DOM_FALLBACK
Tài khóa,"THỊ TRƯỜNG
ĐỊNH GIÁ
DÒNG TIỀN
QUỐC TẾ",DOM,,DOM_FALLBACK
Tài khóa,"VNINDEX
Đóng cửa
1,646.01
-0.88
-0.05%",DOM,,DOM_FALLBACK
Tài khóa,"VNINDEX
Đóng cửa",DOM,,DOM_FALLBACK
Tài khóa,Đóng cửa,DOM,,DOM_FALLBACK
Tài khóa,"1,646.01
-0.88
-0.05%",DOM,,DOM_FALLBACK
Tài khóa,"Chart
Chart with 121 data points.",DOM,,DOM_FALLBACK
Tài khóa,Chart with 121 data points.,DOM,,DOM_FALLBACK
Tài khóa,End of interactive chart.,DOM,,DOM_FALLBACK
Tài khóa,"PHÂN BỔ DÒNG TIỀN
0
3
6
9
12
6.45 Nghìn tỷ
7.34 Nghìn tỷ
2.13 Nghìn tỷ
Tăng giá:
126 CP
Giảm giá:
189 CP
Không đổi:
60 CP",DOM,,DOM_FALLBACK
Tài khóa,PHÂN BỔ DÒNG TIỀN,DOM,,DOM_FALLBACK
Tài khóa,"0
3
6
9
12
6.45 Nghìn tỷ
7.34 Nghìn tỷ
2.13 Nghìn tỷ
Tăng giá:
126 CP
Giảm giá:
189 CP
Không đổi:
60 CP",DOM,,DOM_FALLBACK
Tài khóa,6.45 Nghìn tỷ,DOM,,DOM_FALLBACK
Tài khóa,7.34 Nghìn tỷ,DOM,,DOM_FALLBACK
Tài khóa,2.13 Nghìn tỷ,DOM,,DOM_FALLBACK
Tài khóa,"Tăng giá:
126 CP",DOM,,DOM_FALLBACK
Tài khóa,Tăng giá:,DOM,,DOM_FALLBACK
Tài khóa,126 CP,DOM,,DOM_FALLBACK
Tài khóa,"Giảm giá:
189 CP",DOM,,DOM_FALLBACK
Tài khóa,Giảm giá:,DOM,,DOM_FALLBACK
Tài khóa,189 CP,DOM,,DOM_FALLBACK
Tài khóa,"Không đổi:
60 CP",DOM,,DOM_FALLBACK
Tài khóa,Không đổi:,DOM,,DOM_FALLBACK
Tài khóa,60 CP,DOM,,DOM_FALLBACK
Tài khóa,TÁC ĐỘNG ĐẾN INDEX,DOM,,DOM_FALLBACK
Tài khóa,"VPB
TCX
BSR
VNM
VRE
VPX
GEE
MCH
LPB
VHM
VIC
VPL
-4
-2
0
2
1.63
1.45
0.98
0.81
0.71
-0.49
-0.73
-0.84
-0.91
-1.42
-1.83
-2.29",DOM,,DOM_FALLBACK
Tài khóa,"Tác động tăng
Tác động giảm",DOM,,DOM_FALLBACK
Tài khóa,Tác động tăng,DOM,,DOM_FALLBACK
Tài khóa,Tác động giảm,DOM,,DOM_FALLBACK
Tài khóa,"1Y
2Y
3Y
5Y
10Y
All",DOM,,DOM_FALLBACK
Tài khóa,"DIỄN BIẾN THỊ TRƯỜNG
Q4/2024
Q2/2025
Q3/2025
Vốn hoá
LNST
SLCP lưu hành",DOM,,DOM_FALLBACK
Tài khóa,"Q4/2024
Q2/2025
Q3/2025",DOM,,DOM_FALLBACK
Tài khóa,"Vốn hoá
LNST
SLCP lưu hành",DOM,,DOM_FALLBACK
Tài khóa,Vốn hoá,DOM,,DOM_FALLBACK
Tài khóa,LNST,DOM,,DOM_FALLBACK
Tài khóa,SLCP lưu hành,DOM,,DOM_FALLBACK
Tài khóa,"PE THỊ TRƯỜNG
Q4/2024
Q2/2025
Q3/2025
Average: 14.18
P/E thị trường
Max
Min
Trung bình",DOM,,DOM_FALLBACK
Tài khóa,"Q4/2024
Q2/2025
Q3/2025
Average: 14.18",DOM,,DOM_FALLBACK
Tài khóa,Average: 14.18,DOM,,DOM_FALLBACK
Tài khóa,"P/E thị trường
Max
Min
Trung bình",DOM,,DOM_FALLBACK
Tài khóa,P/E thị trường,DOM,,DOM_FALLBACK
Tài khóa,Trung bình,DOM,,DOM_FALLBACK
Tài khóa,"E/P VNINDEX - LÃI SUẤT HUY ĐỘNG 12 THÁNG
Q4/2024
Q2/2025
Q3/2025",DOM,,DOM_FALLBACK
Tài khóa,"GIÁ TRỊ TỰ DOANH RÒNG
1D
1W
1M",DOM,,DOM_FALLBACK
Tài khóa,"1D
1W
1M",DOM,,DOM_FALLBACK
Tài khóa,"Chart
Chart with 15 data points.",DOM,,DOM_FALLBACK
Tài khóa,Chart with 15 data points.,DOM,,DOM_FALLBACK
Tài khóa,"27/11
01/12
03/12
05/12
09/12
11/12
-500
0
500
1000
-5500
-5000
-4500
-4000",DOM,,DOM_FALLBACK
Tài khóa,"GIÁ TRỊ KHỐI NGOẠI RÒNG
1D
1W
1M",DOM,,DOM_FALLBACK
Tài khóa,"28/11
02/12
04/12
08/12
10/12
12/12
-1K
0
1K
2K
-123K
-121.5K
-120K
-118.5K",DOM,,DOM_FALLBACK
Tài khóa,"Ghi chú: gdp-thuc
Cá nhân
Thêm ghi chú bằng cách điền
vào ô bên dưới
Nhập ghi chú",DOM,,DOM_FALLBACK
Tài khóa,"Ghi chú: gdp-thuc
Cá nhân",DOM,,DOM_FALLBACK
Tài khóa,Ghi chú: gdp-thuc,DOM,,DOM_FALLBACK
Tài khóa,gdp-thuc,DOM,,DOM_FALLBACK
Tài khóa,Cá nhân,DOM,,DOM_FALLBACK
Tài khóa,"Thêm ghi chú bằng cách điền
vào ô bên dưới",DOM,,DOM_FALLBACK
Tài khóa,Nhập ghi chú,DOM,,DOM_FALLBACK
Tài khóa,"Thị trường
Ngành
Cổ phiếu",DOM,,DOM_FALLBACK
Tài khóa,Thị trường,DOM,,DOM_FALLBACK
Tài khóa,Ngành,DOM,,DOM_FALLBACK
Tài khóa,Cổ phiếu,DOM,,DOM_FALLBACK
Bất động sản,"Thư viện
Sửa đồ thị",DOM,,DOM_FALLBACK
Bất động sản,FDI dăng ký dự án,DOM,,DOM_FALLBACK
Bất động sản,FDI thực hiện,DOM,,DOM_FALLBACK
Bất động sản,"Mối quan hệ giữa vàng và lãi suất, bơm tiền",DOM,,DOM_FALLBACK
Bất động sản,%HUY ĐỘNG,DOM,,DOM_FALLBACK
Bất động sản,VĐT phát triển XH,DOM,,DOM_FALLBACK
Bất động sản,BÁN LẺ,DOM,,DOM_FALLBACK
Bất động sản,USD.VND 2025,DOM,,DOM_FALLBACK
Bất động sản,Bóc tách CPI YOY,DOM,,DOM_FALLBACK
Bất động sản,"​
​
Khung thời gian:
Quarterly
Kiểu giá trị:
Value",DOM,,DOM_FALLBACK
Bất động sản,"Khung thời gian:
Quarterly",DOM,,DOM_FALLBACK
Bất động sản,Khung thời gian:,DOM,,DOM_FALLBACK
Bất động sản,Quarterly,DOM,,DOM_FALLBACK
Bất động sản,"Kiểu giá trị:
Value",DOM,,DOM_FALLBACK
Bất động sản,Kiểu giá trị:,DOM,,DOM_FALLBACK
Bất động sản,Value,DOM,,DOM_FALLBACK
Bất động sản,Q3-2025,DOM,,DOM_FALLBACK
Bất động sản,Q2-2025,DOM,,DOM_FALLBACK
Bất động sản,Q1-2025,DOM,,DOM_FALLBACK
Bất động sản,Q4-2024,DOM,,DOM_FALLBACK
Bất động sản,Q3-2024,DOM,,DOM_FALLBACK
Bất động sản,Q2-2024,DOM,,DOM_FALLBACK
Bất động sản,Q1-2024,DOM,,DOM_FALLBACK
Bất động sản,Q4-2023,DOM,,DOM_FALLBACK
Bất động sản,Q3-2023,DOM,,DOM_FALLBACK
Bất động sản,Q2-2023,DOM,,DOM_FALLBACK
Bất động sản,Q1-2023,DOM,,DOM_FALLBACK
Bất động sản,Q4-2022,DOM,,DOM_FALLBACK
Bất động sản,Q3-2022,DOM,,DOM_FALLBACK
Bất động sản,Q2-2022,DOM,,DOM_FALLBACK
Bất động sản,Q1-2022,DOM,,DOM_FALLBACK
Bất động sản,GDP THỰC,DOM,,DOM_FALLBACK
Bất động sản,"Nông nghiệp, lâm nghiệp và thủy sản",DOM,,DOM_FALLBACK
Bất động sản,Nông nghiệp,DOM,,DOM_FALLBACK
Bất động sản,Lâm nghiệp,DOM,,DOM_FALLBACK
Bất động sản,Thủy sản,DOM,,DOM_FALLBACK
Bất động sản,Công nghiệp và xây dựng,DOM,,DOM_FALLBACK
Bất động sản,Dịch vụ,DOM,,DOM_FALLBACK
Bất động sản,Thuế sản phẩm trừ trợ cấp sản phẩm,DOM,,DOM_FALLBACK
Bất động sản,"Thông tin mới nhất
Tin quan trọng",DOM,,DOM_FALLBACK
Bất động sản,Thông tin mới nhất,DOM,,DOM_FALLBACK
Bất động sản,Tin quan trọng,DOM,,DOM_FALLBACK
Bất động sản,"THỊ TRƯỜNG
ĐỊNH GIÁ
DÒNG TIỀN
QUỐC TẾ",DOM,,DOM_FALLBACK
Bất động sản,"VNINDEX
Đóng cửa
1,646.01
-0.88
-0.05%",DOM,,DOM_FALLBACK
Bất động sản,"VNINDEX
Đóng cửa",DOM,,DOM_FALLBACK
Bất động sản,Đóng cửa,DOM,,DOM_FALLBACK
Bất động sản,"1,646.01
-0.88
-0.05%",DOM,,DOM_FALLBACK
Bất động sản,"Chart
Chart with 121 data points.",DOM,,DOM_FALLBACK
Bất động sản,Chart with 121 data points.,DOM,,DOM_FALLBACK
Bất động sản,End of interactive chart.,DOM,,DOM_FALLBACK
Bất động sản,"PHÂN BỔ DÒNG TIỀN
0
3
6
9
12
6.45 Nghìn tỷ
7.34 Nghìn tỷ
2.13 Nghìn tỷ
Tăng giá:
126 CP
Giảm giá:
189 CP
Không đổi:
60 CP",DOM,,DOM_FALLBACK
Bất động sản,PHÂN BỔ DÒNG TIỀN,DOM,,DOM_FALLBACK
Bất động sản,"0
3
6
9
12
6.45 Nghìn tỷ
7.34 Nghìn tỷ
2.13 Nghìn tỷ
Tăng giá:
126 CP
Giảm giá:
189 CP
Không đổi:
60 CP",DOM,,DOM_FALLBACK
Bất động sản,6.45 Nghìn tỷ,DOM,,DOM_FALLBACK
Bất động sản,7.34 Nghìn tỷ,DOM,,DOM_FALLBACK
Bất động sản,2.13 Nghìn tỷ,DOM,,DOM_FALLBACK
Bất động sản,"Tăng giá:
126 CP",DOM,,DOM_FALLBACK
Bất động sản,Tăng giá:,DOM,,DOM_FALLBACK
Bất động sản,126 CP,DOM,,DOM_FALLBACK
Bất động sản,"Giảm giá:
189 CP",DOM,,DOM_FALLBACK
Bất động sản,Giảm giá:,DOM,,DOM_FALLBACK
Bất động sản,189 CP,DOM,,DOM_FALLBACK
Bất động sản,"Không đổi:
60 CP",DOM,,DOM_FALLBACK
Bất động sản,Không đổi:,DOM,,DOM_FALLBACK
Bất động sản,60 CP,DOM,,DOM_FALLBACK
Bất động sản,TÁC ĐỘNG ĐẾN INDEX,DOM,,DOM_FALLBACK
Bất động sản,"VPB
TCX
BSR
VNM
VRE
VPX
GEE
MCH
LPB
VHM
VIC
VPL
-4
-2
0
2
1.63
1.45
0.98
0.81
0.71
-0.49
-0.73
-0.84
-0.91
-1.42
-1.83
-2.29",DOM,,DOM_FALLBACK
Bất động sản,"Tác động tăng
Tác động giảm",DOM,,DOM_FALLBACK
Bất động sản,Tác động tăng,DOM,,DOM_FALLBACK
Bất động sản,Tác động giảm,DOM,,DOM_FALLBACK
Bất động sản,"1Y
2Y
3Y
5Y
10Y
All",DOM,,DOM_FALLBACK
Bất động sản,"DIỄN BIẾN THỊ TRƯỜNG
Q4/2024
Q2/2025
Q3/2025
Vốn hoá
LNST
SLCP lưu hành",DOM,,DOM_FALLBACK
Bất động sản,"Q4/2024
Q2/2025
Q3/2025",DOM,,DOM_FALLBACK
Bất động sản,"Vốn hoá
LNST
SLCP lưu hành",DOM,,DOM_FALLBACK
Bất động sản,Vốn hoá,DOM,,DOM_FALLBACK
Bất động sản,LNST,DOM,,DOM_FALLBACK
Bất động sản,SLCP lưu hành,DOM,,DOM_FALLBACK
Bất động sản,"PE THỊ TRƯỜNG
Q4/2024
Q2/2025
Q3/2025
Average: 14.18
P/E thị trường
Max
Min
Trung bình",DOM,,DOM_FALLBACK
Bất động sản,"Q4/2024
Q2/2025
Q3/2025
Average: 14.18",DOM,,DOM_FALLBACK
Bất động sản,Average: 14.18,DOM,,DOM_FALLBACK
Bất động sản,"P/E thị trường
Max
Min
Trung bình",DOM,,DOM_FALLBACK
Bất động sản,P/E thị trường,DOM,,DOM_FALLBACK
Bất động sản,Trung bình,DOM,,DOM_FALLBACK
Bất động sản,"E/P VNINDEX - LÃI SUẤT HUY ĐỘNG 12 THÁNG
Q4/2024
Q2/2025
Q3/2025",DOM,,DOM_FALLBACK
Bất động sản,"GIÁ TRỊ TỰ DOANH RÒNG
1D
1W
1M",DOM,,DOM_FALLBACK
Bất động sản,"1D
1W
1M",DOM,,DOM_FALLBACK
Bất động sản,"Chart
Chart with 15 data points.",DOM,,DOM_FALLBACK
Bất động sản,Chart with 15 data points.,DOM,,DOM_FALLBACK
Bất động sản,"27/11
01/12
03/12
05/12
09/12
11/12
-500
0
500
1000
-5500
-5000
-4500
-4000",DOM,,DOM_FALLBACK
Bất động sản,"GIÁ TRỊ KHỐI NGOẠI RÒNG
1D
1W
1M",DOM,,DOM_FALLBACK
Bất động sản,"28/11
02/12
04/12
08/12
10/12
12/12
-1K
0
1K
2K
-123K
-121.5K
-120K
-118.5K",DOM,,DOM_FALLBACK
Bất động sản,"Ghi chú: gdp-thuc
Cá nhân
Thêm ghi chú bằng cách điền
vào ô bên dưới
Nhập ghi chú",DOM,,DOM_FALLBACK
Bất động sản,"Ghi chú: gdp-thuc
Cá nhân",DOM,,DOM_FALLBACK
Bất động sản,Ghi chú: gdp-thuc,DOM,,DOM_FALLBACK
Bất động sản,gdp-thuc,DOM,,DOM_FALLBACK
Bất động sản,Cá nhân,DOM,,DOM_FALLBACK
Bất động sản,"Thêm ghi chú bằng cách điền
vào ô bên dưới",DOM,,DOM_FALLBACK
Bất động sản,Nhập ghi chú,DOM,,DOM_FALLBACK
Bất động sản,"Thị trường
Ngành
Cổ phiếu",DOM,,DOM_FALLBACK
Bất động sản,Thị trường,DOM,,DOM_FALLBACK
Bất động sản,Ngành,DOM,,DOM_FALLBACK
Bất động sản,Cổ phiếu,DOM,,DOM_FALLBACK
Thị trường lao động,"Thư viện
Sửa đồ thị",DOM,,DOM_FALLBACK
Thị trường lao động,FDI dăng ký dự án,DOM,,DOM_FALLBACK
Thị trường lao động,FDI thực hiện,DOM,,DOM_FALLBACK
Thị trường lao động,"Mối quan hệ giữa vàng và lãi suất, bơm tiền",DOM,,DOM_FALLBACK
Thị trường lao động,%HUY ĐỘNG,DOM,,DOM_FALLBACK
Thị trường lao động,VĐT phát triển XH,DOM,,DOM_FALLBACK
Thị trường lao động,BÁN LẺ,DOM,,DOM_FALLBACK
Thị trường lao động,USD.VND 2025,DOM,,DOM_FALLBACK
Thị trường lao động,Bóc tách CPI YOY,DOM,,DOM_FALLBACK
Thị trường lao động,"​
​
Khung thời gian:
Quarterly
Kiểu giá trị:
Value",DOM,,DOM_FALLBACK
Thị trường lao động,"Khung thời gian:
Quarterly",DOM,,DOM_FALLBACK
Thị trường lao động,Khung thời gian:,DOM,,DOM_FALLBACK
Thị trường lao động,Quarterly,DOM,,DOM_FALLBACK
Thị trường lao động,"Kiểu giá trị:
Value",DOM,,DOM_FALLBACK
Thị trường lao động,Kiểu giá trị:,DOM,,DOM_FALLBACK
Thị trường lao động,Value,DOM,,DOM_FALLBACK
Thị trường lao động,Q3-2025,DOM,,DOM_FALLBACK
Thị trường lao động,Q2-2025,DOM,,DOM_FALLBACK
Thị trường lao động,Q1-2025,DOM,,DOM_FALLBACK
Thị trường lao động,Q4-2024,DOM,,DOM_FALLBACK
Thị trường lao động,Q3-2024,DOM,,DOM_FALLBACK
Thị trường lao động,Q2-2024,DOM,,DOM_FALLBACK
Thị trường lao động,Q1-2024,DOM,,DOM_FALLBACK
Thị trường lao động,Q4-2023,DOM,,DOM_FALLBACK
Thị trường lao động,Q3-2023,DOM,,DOM_FALLBACK
Thị trường lao động,Q2-2023,DOM,,DOM_FALLBACK
Thị trường lao động,Q1-2023,DOM,,DOM_FALLBACK
Thị trường lao động,Q4-2022,DOM,,DOM_FALLBACK
Thị trường lao động,Q3-2022,DOM,,DOM_FALLBACK
Thị trường lao động,Q2-2022,DOM,,DOM_FALLBACK
Thị trường lao động,Q1-2022,DOM,,DOM_FALLBACK
Thị trường lao động,GDP THỰC,DOM,,DOM_FALLBACK
Thị trường lao động,"Nông nghiệp, lâm nghiệp và thủy sản",DOM,,DOM_FALLBACK
Thị trường lao động,Nông nghiệp,DOM,,DOM_FALLBACK
Thị trường lao động,Lâm nghiệp,DOM,,DOM_FALLBACK
Thị trường lao động,Thủy sản,DOM,,DOM_FALLBACK
Thị trường lao động,Công nghiệp và xây dựng,DOM,,DOM_FALLBACK
Thị trường lao động,Dịch vụ,DOM,,DOM_FALLBACK
Thị trường lao động,Thuế sản phẩm trừ trợ cấp sản phẩm,DOM,,DOM_FALLBACK
Thị trường lao động,"Thông tin mới nhất
Tin quan trọng",DOM,,DOM_FALLBACK
Thị trường lao động,Thông tin mới nhất,DOM,,DOM_FALLBACK
Thị trường lao động,Tin quan trọng,DOM,,DOM_FALLBACK
Thị trường lao động,"THỊ TRƯỜNG
ĐỊNH GIÁ
DÒNG TIỀN
QUỐC TẾ",DOM,,DOM_FALLBACK
Thị trường lao động,"VNINDEX
Đóng cửa
1,646.01
-0.88
-0.05%",DOM,,DOM_FALLBACK
Thị trường lao động,"VNINDEX
Đóng cửa",DOM,,DOM_FALLBACK
Thị trường lao động,Đóng cửa,DOM,,DOM_FALLBACK
Thị trường lao động,"1,646.01
-0.88
-0.05%",DOM,,DOM_FALLBACK
Thị trường lao động,"Chart
Chart with 121 data points.",DOM,,DOM_FALLBACK
Thị trường lao động,Chart with 121 data points.,DOM,,DOM_FALLBACK
Thị trường lao động,End of interactive chart.,DOM,,DOM_FALLBACK
Thị trường lao động,"PHÂN BỔ DÒNG TIỀN
0
3
6
9
12
6.45 Nghìn tỷ
7.34 Nghìn tỷ
2.13 Nghìn tỷ
Tăng giá:
126 CP
Giảm giá:
189 CP
Không đổi:
60 CP",DOM,,DOM_FALLBACK
Thị trường lao động,PHÂN BỔ DÒNG TIỀN,DOM,,DOM_FALLBACK
Thị trường lao động,"0
3
6
9
12
6.45 Nghìn tỷ
7.34 Nghìn tỷ
2.13 Nghìn tỷ
Tăng giá:
126 CP
Giảm giá:
189 CP
Không đổi:
60 CP",DOM,,DOM_FALLBACK
Thị trường lao động,6.45 Nghìn tỷ,DOM,,DOM_FALLBACK
Thị trường lao động,7.34 Nghìn tỷ,DOM,,DOM_FALLBACK
Thị trường lao động,2.13 Nghìn tỷ,DOM,,DOM_FALLBACK
Thị trường lao động,"Tăng giá:
126 CP",DOM,,DOM_FALLBACK
Thị trường lao động,Tăng giá:,DOM,,DOM_FALLBACK
Thị trường lao động,126 CP,DOM,,DOM_FALLBACK
Thị trường lao động,"Giảm giá:
189 CP",DOM,,DOM_FALLBACK
Thị trường lao động,Giảm giá:,DOM,,DOM_FALLBACK
Thị trường lao động,189 CP,DOM,,DOM_FALLBACK
Thị trường lao động,"Không đổi:
60 CP",DOM,,DOM_FALLBACK
Thị trường lao động,Không đổi:,DOM,,DOM_FALLBACK
Thị trường lao động,60 CP,DOM,,DOM_FALLBACK
Thị trường lao động,TÁC ĐỘNG ĐẾN INDEX,DOM,,DOM_FALLBACK
Thị trường lao động,"VPB
TCX
BSR
VNM
VRE
VPX
GEE
MCH
LPB
VHM
VIC
VPL
-4
-2
0
2
1.63
1.45
0.98
0.81
0.71
-0.49
-0.73
-0.84
-0.91
-1.42
-1.83
-2.29",DOM,,DOM_FALLBACK
Thị trường lao động,"Tác động tăng
Tác động giảm",DOM,,DOM_FALLBACK
Thị trường lao động,Tác động tăng,DOM,,DOM_FALLBACK
Thị trường lao động,Tác động giảm,DOM,,DOM_FALLBACK
Thị trường lao động,"1Y
2Y
3Y
5Y
10Y
All",DOM,,DOM_FALLBACK
Thị trường lao động,"DIỄN BIẾN THỊ TRƯỜNG
Q4/2024
Q2/2025
Q3/2025
Vốn hoá
LNST
SLCP lưu hành",DOM,,DOM_FALLBACK
Thị trường lao động,"Q4/2024
Q2/2025
Q3/2025",DOM,,DOM_FALLBACK
Thị trường lao động,"Vốn hoá
LNST
SLCP lưu hành",DOM,,DOM_FALLBACK
Thị trường lao động,Vốn hoá,DOM,,DOM_FALLBACK
Thị trường lao động,LNST,DOM,,DOM_FALLBACK
Thị trường lao động,SLCP lưu hành,DOM,,DOM_FALLBACK
Thị trường lao động,"PE THỊ TRƯỜNG
Q4/2024
Q2/2025
Q3/2025
Average: 14.18
P/E thị trường
Max
Min
Trung bình",DOM,,DOM_FALLBACK
Thị trường lao động,"Q4/2024
Q2/2025
Q3/2025
Average: 14.18",DOM,,DOM_FALLBACK
Thị trường lao động,Average: 14.18,DOM,,DOM_FALLBACK
Thị trường lao động,"P/E thị trường
Max
Min
Trung bình",DOM,,DOM_FALLBACK
Thị trường lao động,P/E thị trường,DOM,,DOM_FALLBACK
Thị trường lao động,Trung bình,DOM,,DOM_FALLBACK
Thị trường lao động,"E/P VNINDEX - LÃI SUẤT HUY ĐỘNG 12 THÁNG
Q4/2024
Q2/2025
Q3/2025",DOM,,DOM_FALLBACK
Thị trường lao động,"GIÁ TRỊ TỰ DOANH RÒNG
1D
1W
1M",DOM,,DOM_FALLBACK
Thị trường lao động,"1D
1W
1M",DOM,,DOM_FALLBACK
Thị trường lao động,"Chart
Chart with 15 data points.",DOM,,DOM_FALLBACK
Thị trường lao động,Chart with 15 data points.,DOM,,DOM_FALLBACK
Thị trường lao động,"27/11
01/12
03/12
05/12
09/12
11/12
-500
0
500
1000
-5500
-5000
-4500
-4000",DOM,,DOM_FALLBACK
Thị trường lao động,"GIÁ TRỊ KHỐI NGOẠI RÒNG
1D
1W
1M",DOM,,DOM_FALLBACK
Thị trường lao động,"28/11
02/12
04/12
08/12
10/12
12/12
-1K
0
1K
2K
-123K
-121.5K
-120K
-118.5K",DOM,,DOM_FALLBACK
Thị trường lao động,"Ghi chú: gdp-thuc
Cá nhân
Thêm ghi chú bằng cách điền
vào ô bên dưới
Nhập ghi chú",DOM,,DOM_FALLBACK
Thị trường lao động,"Ghi chú: gdp-thuc
Cá nhân",DOM,,DOM_FALLBACK
Thị trường lao động,Ghi chú: gdp-thuc,DOM,,DOM_FALLBACK
Thị trường lao động,gdp-thuc,DOM,,DOM_FALLBACK
Thị trường lao động,Cá nhân,DOM,,DOM_FALLBACK
Thị trường lao động,"Thêm ghi chú bằng cách điền
vào ô bên dưới",DOM,,DOM_FALLBACK
Thị trường lao động,Nhập ghi chú,DOM,,DOM_FALLBACK
Thị trường lao động,"Thị trường
Ngành
Cổ phiếu",DOM,,DOM_FALLBACK
Thị trường lao động,Thị trường,DOM,,DOM_FALLBACK
Thị trường lao động,Ngành,DOM,,DOM_FALLBACK
Thị trường lao động,Cổ phiếu,DOM,,DOM_FALLBACK
