Category,Indicator,Scraped_At
Tổng sản phẩm quốc nội,"Thư viện
Sửa đồ thị",2025-12-16T00:08:11.561848
Tổng sản phẩm quốc nội,FDI dăng ký dự án,2025-12-16T00:08:11.561875
Tổng sản phẩm quốc nội,FDI thực hiện,2025-12-16T00:08:11.561883
Tổng sản phẩm quốc nội,"Mối quan hệ giữa vàng và lãi suất, bơm tiền",2025-12-16T00:08:11.561891
Tổng sản phẩm quốc nội,%HUY ĐỘNG,2025-12-16T00:08:11.561895
Tổng sản phẩm quốc nội,VĐT phát triển XH,2025-12-16T00:08:11.561899
Tổng sản phẩm quốc nội,BÁN LẺ,2025-12-16T00:08:11.561902
Tổng sản phẩm quốc nội,USD.VND 2025,2025-12-16T00:08:11.561905
Tổng sản phẩm quốc nội,Bóc tách CPI YOY,2025-12-16T00:08:11.561908
Tổng sản phẩm quốc nội,"​
​
Khung thời gian:
Quarterly
Kiểu giá trị:
Value",2025-12-16T00:08:11.561917
Tổng sản phẩm quốc nội,"Khung thời gian:
Quarterly",2025-12-16T00:08:11.561922
Tổng sản phẩm quốc nội,Khung thời gian:,2025-12-16T00:08:11.561926
Tổng sản phẩm quốc nội,Quarterly,2025-12-16T00:08:11.561928
Tổng sản phẩm quốc nội,"Kiểu giá trị:
Value",2025-12-16T00:08:11.561932
Tổng sản phẩm quốc nội,Kiểu giá trị:,2025-12-16T00:08:11.561936
Tổng sản phẩm quốc nội,Value,2025-12-16T00:08:11.561938
Tổng sản phẩm quốc nội,Q3-2025,2025-12-16T00:08:11.561942
Tổng sản phẩm quốc nội,Q2-2025,2025-12-16T00:08:11.561944
Tổng sản phẩm quốc nội,Q1-2025,2025-12-16T00:08:11.561946
Tổng sản phẩm quốc nội,Q4-2024,2025-12-16T00:08:11.561949
Tổng sản phẩm quốc nội,Q3-2024,2025-12-16T00:08:11.561951
Tổng sản phẩm quốc nội,Q2-2024,2025-12-16T00:08:11.561953
Tổng sản phẩm quốc nội,Q1-2024,2025-12-16T00:08:11.561955
Tổng sản phẩm quốc nội,Q4-2023,2025-12-16T00:08:11.561958
Tổng sản phẩm quốc nội,Q3-2023,2025-12-16T00:08:11.561960
Tổng sản phẩm quốc nội,Q2-2023,2025-12-16T00:08:11.561962
Tổng sản phẩm quốc nội,Q1-2023,2025-12-16T00:08:11.561964
Tổng sản phẩm quốc nội,Q4-2022,2025-12-16T00:08:11.561966
Tổng sản phẩm quốc nội,Q3-2022,2025-12-16T00:08:11.561968
Tổng sản phẩm quốc nội,Q2-2022,2025-12-16T00:08:11.561970
Tổng sản phẩm quốc nội,Q1-2022,2025-12-16T00:08:11.561972
Tổng sản phẩm quốc nội,GDP THỰC,2025-12-16T00:08:11.561976
Tổng sản phẩm quốc nội,"Nông nghiệp, lâm nghiệp và thủy sản",2025-12-16T00:08:11.562001
Tổng sản phẩm quốc nội,Nông nghiệp,2025-12-16T00:08:11.562022
Tổng sản phẩm quốc nội,Lâm nghiệp,2025-12-16T00:08:11.562043
Tổng sản phẩm quốc nội,Thủy sản,2025-12-16T00:08:11.562065
Tổng sản phẩm quốc nội,Công nghiệp và xây dựng,2025-12-16T00:08:11.562087
Tổng sản phẩm quốc nội,Dịch vụ,2025-12-16T00:08:11.562109
Tổng sản phẩm quốc nội,Thuế sản phẩm trừ trợ cấp sản phẩm,2025-12-16T00:08:11.562132
Tổng sản phẩm quốc nội,"Thông tin mới nhất
Tin quan trọng",2025-12-16T00:08:11.562154
Tổng sản phẩm quốc nội,Thông tin mới nhất,2025-12-16T00:08:11.562158
Tổng sản phẩm quốc nội,Tin quan trọng,2025-12-16T00:08:11.562162
Tổng sản phẩm quốc nội,"THỊ TRƯỜNG
ĐỊNH GIÁ
DÒNG TIỀN
QUỐC TẾ",2025-12-16T00:08:11.562168
Tổng sản phẩm quốc nội,"1Y
2Y
3Y
5Y
10Y
All",2025-12-16T00:08:11.562170
Tổng sản phẩm quốc nội,"DIỄN BIẾN THỊ TRƯỜNG
Q4/2024
Q2/2025
Q3/2025
Vốn hoá
LNST
SLCP lưu hành",2025-12-16T00:08:11.562179
Tổng sản phẩm quốc nội,"Q4/2024
Q2/2025
Q3/2025",2025-12-16T00:08:11.562182
Tổng sản phẩm quốc nội,"Vốn hoá
LNST
SLCP lưu hành",2025-12-16T00:08:11.562187
Tổng sản phẩm quốc nội,Vốn hoá,2025-12-16T00:08:11.562190
Tổng sản phẩm quốc nội,LNST,2025-12-16T00:08:11.562192
Tổng sản phẩm quốc nội,SLCP lưu hành,2025-12-16T00:08:11.562195
Tổng sản phẩm quốc nội,"PE THỊ TRƯỜNG
Q4/2024
Q2/2025
Q3/2025
Average: 14.18
P/E thị trường
Max
Min
Trung bình",2025-12-16T00:08:11.562205
Tổng sản phẩm quốc nội,"Q4/2024
Q2/2025
Q3/2025
Average: 14.18",2025-12-16T00:08:11.562208
Tổng sản phẩm quốc nội,Average: 14.18,2025-12-16T00:08:11.562211
Tổng sản phẩm quốc nội,"P/E thị trường
Max
Min
Trung bình",2025-12-16T00:08:11.562216
Tổng sản phẩm quốc nội,P/E thị trường,2025-12-16T00:08:11.562220
Tổng sản phẩm quốc nội,Trung bình,2025-12-16T00:08:11.562223
Tổng sản phẩm quốc nội,"E/P VNINDEX - LÃI SUẤT HUY ĐỘNG 12 THÁNG
Q4/2024
Q2/2025
Q3/2025",2025-12-16T00:08:11.562231
Tổng sản phẩm quốc nội,"Ghi chú: gdp-thuc
Cá nhân
Thêm ghi chú bằng cách điền
vào ô bên dưới
Nhập ghi chú",2025-12-16T00:08:11.562240
Tổng sản phẩm quốc nội,"Ghi chú: gdp-thuc
Cá nhân",2025-12-16T00:08:11.562245
Tổng sản phẩm quốc nội,Ghi chú: gdp-thuc,2025-12-16T00:08:11.562248
Tổng sản phẩm quốc nội,gdp-thuc,2025-12-16T00:08:11.562250
Tổng sản phẩm quốc nội,Cá nhân,2025-12-16T00:08:11.562253
Tổng sản phẩm quốc nội,"Thêm ghi chú bằng cách điền
vào ô bên dưới",2025-12-16T00:08:11.562259
Tổng sản phẩm quốc nội,Nhập ghi chú,2025-12-16T00:08:11.562262
Tổng sản phẩm quốc nội,"Thị trường
Ngành
Cổ phiếu",2025-12-16T00:08:11.562267
Tổng sản phẩm quốc nội,Thị trường,2025-12-16T00:08:11.562270
Tổng sản phẩm quốc nội,Ngành,2025-12-16T00:08:11.562273
Tổng sản phẩm quốc nội,Cổ phiếu,2025-12-16T00:08:11.562276
Sản xuất và Dịch vụ,"Thư viện
Sửa đồ thị",2025-12-16T00:08:15.659528
Sản xuất và Dịch vụ,FDI dăng ký dự án,2025-12-16T00:08:15.659546
Sản xuất và Dịch vụ,FDI thực hiện,2025-12-16T00:08:15.659555
Sản xuất và Dịch vụ,"Mối quan hệ giữa vàng và lãi suất, bơm tiền",2025-12-16T00:08:15.659565
Sản xuất và Dịch vụ,%HUY ĐỘNG,2025-12-16T00:08:15.659569
Sản xuất và Dịch vụ,VĐT phát triển XH,2025-12-16T00:08:15.659574
Sản xuất và Dịch vụ,BÁN LẺ,2025-12-16T00:08:15.659578
Sản xuất và Dịch vụ,USD.VND 2025,2025-12-16T00:08:15.659581
Sản xuất và Dịch vụ,Bóc tách CPI YOY,2025-12-16T00:08:15.659585
Sản xuất và Dịch vụ,"​
​
Khung thời gian:
Quarterly
Kiểu giá trị:
Value",2025-12-16T00:08:15.659597
Sản xuất và Dịch vụ,"Khung thời gian:
Quarterly",2025-12-16T00:08:15.659603
Sản xuất và Dịch vụ,Khung thời gian:,2025-12-16T00:08:15.659608
Sản xuất và Dịch vụ,Quarterly,2025-12-16T00:08:15.659611
Sản xuất và Dịch vụ,"Kiểu giá trị:
Value",2025-12-16T00:08:15.659616
Sản xuất và Dịch vụ,Kiểu giá trị:,2025-12-16T00:08:15.659620
Sản xuất và Dịch vụ,Value,2025-12-16T00:08:15.659623
Sản xuất và Dịch vụ,Q3-2025,2025-12-16T00:08:15.659627
Sản xuất và Dịch vụ,Q2-2025,2025-12-16T00:08:15.659630
Sản xuất và Dịch vụ,Q1-2025,2025-12-16T00:08:15.659633
Sản xuất và Dịch vụ,Q4-2024,2025-12-16T00:08:15.659636
Sản xuất và Dịch vụ,Q3-2024,2025-12-16T00:08:15.659639
Sản xuất và Dịch vụ,Q2-2024,2025-12-16T00:08:15.659642
Sản xuất và Dịch vụ,Q1-2024,2025-12-16T00:08:15.659644
Sản xuất và Dịch vụ,Q4-2023,2025-12-16T00:08:15.659647
Sản xuất và Dịch vụ,Q3-2023,2025-12-16T00:08:15.659650
Sản xuất và Dịch vụ,Q2-2023,2025-12-16T00:08:15.659653
Sản xuất và Dịch vụ,Q1-2023,2025-12-16T00:08:15.659655
Sản xuất và Dịch vụ,Q4-2022,2025-12-16T00:08:15.659658
Sản xuất và Dịch vụ,Q3-2022,2025-12-16T00:08:15.659660
Sản xuất và Dịch vụ,Q2-2022,2025-12-16T00:08:15.659663
Sản xuất và Dịch vụ,Q1-2022,2025-12-16T00:08:15.659666
Sản xuất và Dịch vụ,GDP THỰC,2025-12-16T00:08:15.659670
Sản xuất và Dịch vụ,"Nông nghiệp, lâm nghiệp và thủy sản",2025-12-16T00:08:15.659701
Sản xuất và Dịch vụ,Nông nghiệp,2025-12-16T00:08:15.659727
Sản xuất và Dịch vụ,Lâm nghiệp,2025-12-16T00:08:15.659753
Sản xuất và Dịch vụ,Thủy sản,2025-12-16T00:08:15.659779
Sản xuất và Dịch vụ,Công nghiệp và xây dựng,2025-12-16T00:08:15.659807
Sản xuất và Dịch vụ,Dịch vụ,2025-12-16T00:08:15.659833
Sản xuất và Dịch vụ,Thuế sản phẩm trừ trợ cấp sản phẩm,2025-12-16T00:08:15.659860
Sản xuất và Dịch vụ,"Thông tin mới nhất
Tin quan trọng",2025-12-16T00:08:15.659888
Sản xuất và Dịch vụ,Thông tin mới nhất,2025-12-16T00:08:15.659893
Sản xuất và Dịch vụ,Tin quan trọng,2025-12-16T00:08:15.659898
Sản xuất và Dịch vụ,"THỊ TRƯỜNG
ĐỊNH GIÁ
DÒNG TIỀN
QUỐC TẾ",2025-12-16T00:08:15.659905
Sản xuất và Dịch vụ,"1Y
2Y
3Y
5Y
10Y
All",2025-12-16T00:08:15.659909
Sản xuất và Dịch vụ,"DIỄN BIẾN THỊ TRƯỜNG
Q4/2024
Q2/2025
Q3/2025
Vốn hoá
LNST
SLCP lưu hành",2025-12-16T00:08:15.659920
Sản xuất và Dịch vụ,"Q4/2024
Q2/2025
Q3/2025",2025-12-16T00:08:15.659924
Sản xuất và Dịch vụ,"Vốn hoá
LNST
SLCP lưu hành",2025-12-16T00:08:15.659929
Sản xuất và Dịch vụ,Vốn hoá,2025-12-16T00:08:15.659933
Sản xuất và Dịch vụ,LNST,2025-12-16T00:08:15.659936
Sản xuất và Dịch vụ,SLCP lưu hành,2025-12-16T00:08:15.659940
Sản xuất và Dịch vụ,"PE THỊ TRƯỜNG
Q4/2024
Q2/2025
Q3/2025
Average: 14.18
P/E thị trường
Max
Min
Trung bình",2025-12-16T00:08:15.659953
Sản xuất và Dịch vụ,"Q4/2024
Q2/2025
Q3/2025
Average: 14.18",2025-12-16T00:08:15.659957
Sản xuất và Dịch vụ,Average: 14.18,2025-12-16T00:08:15.659960
Sản xuất và Dịch vụ,"P/E thị trường
Max
Min
Trung bình",2025-12-16T00:08:15.659967
Sản xuất và Dịch vụ,P/E thị trường,2025-12-16T00:08:15.659972
Sản xuất và Dịch vụ,Trung bình,2025-12-16T00:08:15.659975
Sản xuất và Dịch vụ,"E/P VNINDEX - LÃI SUẤT HUY ĐỘNG 12 THÁNG
Q4/2024
Q2/2025
Q3/2025",2025-12-16T00:08:15.659986
Sản xuất và Dịch vụ,"Ghi chú: gdp-thuc
Cá nhân
Thêm ghi chú bằng cách điền
vào ô bên dưới
Nhập ghi chú",2025-12-16T00:08:15.659998
Sản xuất và Dịch vụ,"Ghi chú: gdp-thuc
Cá nhân",2025-12-16T00:08:15.660004
Sản xuất và Dịch vụ,Ghi chú: gdp-thuc,2025-12-16T00:08:15.660008
Sản xuất và Dịch vụ,gdp-thuc,2025-12-16T00:08:15.660011
Sản xuất và Dịch vụ,Cá nhân,2025-12-16T00:08:15.660015
Sản xuất và Dịch vụ,"Thêm ghi chú bằng cách điền
vào ô bên dưới",2025-12-16T00:08:15.660022
Sản xuất và Dịch vụ,Nhập ghi chú,2025-12-16T00:08:15.660026
Sản xuất và Dịch vụ,"Thị trường
Ngành
Cổ phiếu",2025-12-16T00:08:15.660031
Sản xuất và Dịch vụ,Thị trường,2025-12-16T00:08:15.660035
Sản xuất và Dịch vụ,Ngành,2025-12-16T00:08:15.660039
Sản xuất và Dịch vụ,Cổ phiếu,2025-12-16T00:08:15.660043
Tiêu dùng,"Thư viện
Sửa đồ thị",2025-12-16T00:08:19.761393
Tiêu dùng,FDI dăng ký dự án,2025-12-16T00:08:19.761411
Tiêu dùng,FDI thực hiện,2025-12-16T00:08:19.761419
Tiêu dùng,"Mối quan hệ giữa vàng và lãi suất, bơm tiền",2025-12-16T00:08:19.761429
Tiêu dùng,%HUY ĐỘNG,2025-12-16T00:08:19.761433
Tiêu dùng,VĐT phát triển XH,2025-12-16T00:08:19.761438
Tiêu dùng,BÁN LẺ,2025-12-16T00:08:19.761441
Tiêu dùng,USD.VND 2025,2025-12-16T00:08:19.761445
Tiêu dùng,Bóc tách CPI YOY,2025-12-16T00:08:19.761449
Tiêu dùng,"​
​
Khung thời gian:
Quarterly
Kiểu giá trị:
Value",2025-12-16T00:08:19.761461
Tiêu dùng,"Khung thời gian:
Quarterly",2025-12-16T00:08:19.761467
Tiêu dùng,Khung thời gian:,2025-12-16T00:08:19.761471
Tiêu dùng,Quarterly,2025-12-16T00:08:19.761474
Tiêu dùng,"Kiểu giá trị:
Value",2025-12-16T00:08:19.761479
Tiêu dùng,Kiểu giá trị:,2025-12-16T00:08:19.761484
Tiêu dùng,Value,2025-12-16T00:08:19.761487
Tiêu dùng,Q3-2025,2025-12-16T00:08:19.761491
Tiêu dùng,Q2-2025,2025-12-16T00:08:19.761494
Tiêu dùng,Q1-2025,2025-12-16T00:08:19.761496
Tiêu dùng,Q4-2024,2025-12-16T00:08:19.761499
Tiêu dùng,Q3-2024,2025-12-16T00:08:19.761502
Tiêu dùng,Q2-2024,2025-12-16T00:08:19.761505
Tiêu dùng,Q1-2024,2025-12-16T00:08:19.761508
Tiêu dùng,Q4-2023,2025-12-16T00:08:19.761511
Tiêu dùng,Q3-2023,2025-12-16T00:08:19.761514
Tiêu dùng,Q2-2023,2025-12-16T00:08:19.761518
Tiêu dùng,Q1-2023,2025-12-16T00:08:19.761521
Tiêu dùng,Q4-2022,2025-12-16T00:08:19.761524
Tiêu dùng,Q3-2022,2025-12-16T00:08:19.761527
Tiêu dùng,Q2-2022,2025-12-16T00:08:19.761529
Tiêu dùng,Q1-2022,2025-12-16T00:08:19.761532
Tiêu dùng,GDP THỰC,2025-12-16T00:08:19.761536
Tiêu dùng,"Nông nghiệp, lâm nghiệp và thủy sản",2025-12-16T00:08:19.761567
Tiêu dùng,Nông nghiệp,2025-12-16T00:08:19.761593
Tiêu dùng,Lâm nghiệp,2025-12-16T00:08:19.761619
Tiêu dùng,Thủy sản,2025-12-16T00:08:19.761645
Tiêu dùng,Công nghiệp và xây dựng,2025-12-16T00:08:19.761673
Tiêu dùng,Dịch vụ,2025-12-16T00:08:19.761699
Tiêu dùng,Thuế sản phẩm trừ trợ cấp sản phẩm,2025-12-16T00:08:19.761727
Tiêu dùng,"Thông tin mới nhất
Tin quan trọng",2025-12-16T00:08:19.761754
Tiêu dùng,Thông tin mới nhất,2025-12-16T00:08:19.761760
Tiêu dùng,Tin quan trọng,2025-12-16T00:08:19.761764
Tiêu dùng,"THỊ TRƯỜNG
ĐỊNH GIÁ
DÒNG TIỀN
QUỐC TẾ",2025-12-16T00:08:19.761771
Tiêu dùng,"Chart
Chart with 0 data points.
End of interactive chart.
PHÂN BỔ DÒNG TIỀN
TÁC ĐỘNG ĐẾN INDEX",2025-12-16T00:08:19.761784
Tiêu dùng,"Chart
Chart with 0 data points.
End of interactive chart.",2025-12-16T00:08:19.761788
Tiêu dùng,"Chart
Chart with 0 data points.",2025-12-16T00:08:19.761792
Tiêu dùng,Chart with 0 data points.,2025-12-16T00:08:19.761795
Tiêu dùng,End of interactive chart.,2025-12-16T00:08:19.761798
Tiêu dùng,"PHÂN BỔ DÒNG TIỀN
TÁC ĐỘNG ĐẾN INDEX",2025-12-16T00:08:19.761805
Tiêu dùng,PHÂN BỔ DÒNG TIỀN,2025-12-16T00:08:19.761810
Tiêu dùng,TÁC ĐỘNG ĐẾN INDEX,2025-12-16T00:08:19.761814
Tiêu dùng,"1Y
2Y
3Y
5Y
10Y
All",2025-12-16T00:08:19.761818
Tiêu dùng,"DIỄN BIẾN THỊ TRƯỜNG
Q4/2024
Q2/2025
Q3/2025
Vốn hoá
LNST
SLCP lưu hành",2025-12-16T00:08:19.761830
Tiêu dùng,"Q4/2024
Q2/2025
Q3/2025",2025-12-16T00:08:19.761835
Tiêu dùng,"Vốn hoá
LNST
SLCP lưu hành",2025-12-16T00:08:19.761840
Tiêu dùng,Vốn hoá,2025-12-16T00:08:19.761848
Tiêu dùng,LNST,2025-12-16T00:08:19.761851
Tiêu dùng,SLCP lưu hành,2025-12-16T00:08:19.761856
Tiêu dùng,"PE THỊ TRƯỜNG
Q4/2024
Q2/2025
Q3/2025
Average: 14.18
P/E thị trường
Max
Min
Trung bình",2025-12-16T00:08:19.761868
Tiêu dùng,"Q4/2024
Q2/2025
Q3/2025
Average: 14.18",2025-12-16T00:08:19.761871
Tiêu dùng,Average: 14.18,2025-12-16T00:08:19.761875
Tiêu dùng,"P/E thị trường
Max
Min
Trung bình",2025-12-16T00:08:19.761881
Tiêu dùng,P/E thị trường,2025-12-16T00:08:19.761886
Tiêu dùng,Trung bình,2025-12-16T00:08:19.761889
Tiêu dùng,"E/P VNINDEX - LÃI SUẤT HUY ĐỘNG 12 THÁNG
Q4/2024
Q2/2025
Q3/2025",2025-12-16T00:08:19.761900
Tiêu dùng,"GIÁ TRỊ TỰ DOANH RÒNG
1D
1W
1M",2025-12-16T00:08:19.761907
Tiêu dùng,"1D
1W
1M",2025-12-16T00:08:19.761910
Tiêu dùng,"GIÁ TRỊ KHỐI NGOẠI RÒNG
1D
1W
1M",2025-12-16T00:08:19.761916
Tiêu dùng,"Ghi chú: gdp-thuc
Cá nhân
Thêm ghi chú bằng cách điền
vào ô bên dưới
Nhập ghi chú",2025-12-16T00:08:19.761928
Tiêu dùng,"Ghi chú: gdp-thuc
Cá nhân",2025-12-16T00:08:19.761933
Tiêu dùng,Ghi chú: gdp-thuc,2025-12-16T00:08:19.761937
Tiêu dùng,gdp-thuc,2025-12-16T00:08:19.761940
Tiêu dùng,Cá nhân,2025-12-16T00:08:19.761944
Tiêu dùng,"Thêm ghi chú bằng cách điền
vào ô bên dưới",2025-12-16T00:08:19.761951
Tiêu dùng,Nhập ghi chú,2025-12-16T00:08:19.761955
Tiêu dùng,"Thị trường
Ngành
Cổ phiếu",2025-12-16T00:08:19.761961
Tiêu dùng,Thị trường,2025-12-16T00:08:19.761965
Tiêu dùng,Ngành,2025-12-16T00:08:19.761968
Tiêu dùng,Cổ phiếu,2025-12-16T00:08:19.761972
Giá cả,"Thư viện
Sửa đồ thị",2025-12-16T00:08:23.857994
Giá cả,FDI dăng ký dự án,2025-12-16T00:08:23.858010
Giá cả,FDI thực hiện,2025-12-16T00:08:23.858018
Giá cả,"Mối quan hệ giữa vàng và lãi suất, bơm tiền",2025-12-16T00:08:23.858027
Giá cả,%HUY ĐỘNG,2025-12-16T00:08:23.858030
Giá cả,VĐT phát triển XH,2025-12-16T00:08:23.858035
Giá cả,BÁN LẺ,2025-12-16T00:08:23.858038
Giá cả,USD.VND 2025,2025-12-16T00:08:23.858041
Giá cả,Bóc tách CPI YOY,2025-12-16T00:08:23.858045
Giá cả,"​
​
Khung thời gian:
Quarterly
Kiểu giá trị:
Value",2025-12-16T00:08:23.858055
Giá cả,"Khung thời gian:
Quarterly",2025-12-16T00:08:23.858061
Giá cả,Khung thời gian:,2025-12-16T00:08:23.858065
Giá cả,Quarterly,2025-12-16T00:08:23.858068
Giá cả,"Kiểu giá trị:
Value",2025-12-16T00:08:23.858072
Giá cả,Kiểu giá trị:,2025-12-16T00:08:23.858076
Giá cả,Value,2025-12-16T00:08:23.858078
Giá cả,Q3-2025,2025-12-16T00:08:23.858082
Giá cả,Q2-2025,2025-12-16T00:08:23.858084
Giá cả,Q1-2025,2025-12-16T00:08:23.858087
Giá cả,Q4-2024,2025-12-16T00:08:23.858090
Giá cả,Q3-2024,2025-12-16T00:08:23.858092
Giá cả,Q2-2024,2025-12-16T00:08:23.858094
Giá cả,Q1-2024,2025-12-16T00:08:23.858097
Giá cả,Q4-2023,2025-12-16T00:08:23.858099
Giá cả,Q3-2023,2025-12-16T00:08:23.858101
Giá cả,Q2-2023,2025-12-16T00:08:23.858103
Giá cả,Q1-2023,2025-12-16T00:08:23.858106
Giá cả,Q4-2022,2025-12-16T00:08:23.858108
Giá cả,Q3-2022,2025-12-16T00:08:23.858110
Giá cả,Q2-2022,2025-12-16T00:08:23.858113
Giá cả,Q1-2022,2025-12-16T00:08:23.858115
Giá cả,GDP THỰC,2025-12-16T00:08:23.858118
Giá cả,"Nông nghiệp, lâm nghiệp và thủy sản",2025-12-16T00:08:23.858145
Giá cả,Nông nghiệp,2025-12-16T00:08:23.858168
Giá cả,Lâm nghiệp,2025-12-16T00:08:23.858190
Giá cả,Thủy sản,2025-12-16T00:08:23.858212
Giá cả,Công nghiệp và xây dựng,2025-12-16T00:08:23.858236
Giá cả,Dịch vụ,2025-12-16T00:08:23.858259
Giá cả,Thuế sản phẩm trừ trợ cấp sản phẩm,2025-12-16T00:08:23.858284
Giá cả,"Thông tin mới nhất
Tin quan trọng",2025-12-16T00:08:23.858308
Giá cả,Thông tin mới nhất,2025-12-16T00:08:23.858312
Giá cả,Tin quan trọng,2025-12-16T00:08:23.858316
Giá cả,"THỊ TRƯỜNG
ĐỊNH GIÁ
DÒNG TIỀN
QUỐC TẾ",2025-12-16T00:08:23.858322
Giá cả,"VNINDEX
Đóng cửa
1,646.01
-0.88
-0.05%",2025-12-16T00:08:23.858330
Giá cả,"VNINDEX
Đóng cửa",2025-12-16T00:08:23.858334
Giá cả,Đóng cửa,2025-12-16T00:08:23.858337
Giá cả,"1,646.01
-0.88
-0.05%",2025-12-16T00:08:23.858340
Giá cả,"Chart
Chart with 121 data points.",2025-12-16T00:08:23.858344
Giá cả,Chart with 121 data points.,2025-12-16T00:08:23.858347
Giá cả,End of interactive chart.,2025-12-16T00:08:23.858351
Giá cả,"PHÂN BỔ DÒNG TIỀN
0
3
6
9
12
Tăng giá:
126 CP
Giảm giá:
189 CP
Không đổi:
60 CP
6.45 Nghìn tỷ
7.34 Nghìn tỷ
2.13 Nghìn tỷ",2025-12-16T00:08:23.858365
Giá cả,PHÂN BỔ DÒNG TIỀN,2025-12-16T00:08:23.858369
Giá cả,"0
3
6
9
12
Tăng giá:
126 CP
Giảm giá:
189 CP
Không đổi:
60 CP
6.45 Nghìn tỷ
7.34 Nghìn tỷ
2.13 Nghìn tỷ",2025-12-16T00:08:23.858381
Giá cả,"Tăng giá:
126 CP",2025-12-16T00:08:23.858385
Giá cả,Tăng giá:,2025-12-16T00:08:23.858388
Giá cả,126 CP,2025-12-16T00:08:23.858391
Giá cả,"Giảm giá:
189 CP",2025-12-16T00:08:23.858395
Giá cả,Giảm giá:,2025-12-16T00:08:23.858398
Giá cả,189 CP,2025-12-16T00:08:23.858400
Giá cả,"Không đổi:
60 CP",2025-12-16T00:08:23.858404
Giá cả,Không đổi:,2025-12-16T00:08:23.858407
Giá cả,60 CP,2025-12-16T00:08:23.858410
Giá cả,6.45 Nghìn tỷ,2025-12-16T00:08:23.858414
Giá cả,7.34 Nghìn tỷ,2025-12-16T00:08:23.858419
Giá cả,2.13 Nghìn tỷ,2025-12-16T00:08:23.858424
Giá cả,TÁC ĐỘNG ĐẾN INDEX,2025-12-16T00:08:23.858429
Giá cả,"VPB
TCX
BSR
VNM
VRE
VPX
GEE
MCH
LPB
VHM
VIC
VPL
-4
-2
0
2
1.63
1.45
0.98
0.81
0.71
-0.49
-0.73
-0.84
-0.91
-1.42
-1.83
-2.29",2025-12-16T00:08:23.858434
Giá cả,"Tác động tăng
Tác động giảm",2025-12-16T00:08:23.858455
Giá cả,Tác động tăng,2025-12-16T00:08:23.858459
Giá cả,Tác động giảm,2025-12-16T00:08:23.858462
Giá cả,"1Y
2Y
3Y
5Y
10Y
All",2025-12-16T00:08:23.858465
Giá cả,"DIỄN BIẾN THỊ TRƯỜNG
Q4/2024
Q2/2025
Q3/2025
Vốn hoá
LNST
SLCP lưu hành",2025-12-16T00:08:23.858475
Giá cả,"Q4/2024
Q2/2025
Q3/2025",2025-12-16T00:08:23.858478
Giá cả,"Vốn hoá
LNST
SLCP lưu hành",2025-12-16T00:08:23.858483
Giá cả,Vốn hoá,2025-12-16T00:08:23.858486
Giá cả,LNST,2025-12-16T00:08:23.858489
Giá cả,SLCP lưu hành,2025-12-16T00:08:23.858493
Giá cả,"PE THỊ TRƯỜNG
Q4/2024
Q2/2025
Q3/2025
Average: 14.18
P/E thị trường
Max
Min
Trung bình",2025-12-16T00:08:23.858503
Giá cả,"Q4/2024
Q2/2025
Q3/2025
Average: 14.18",2025-12-16T00:08:23.858506
Giá cả,Average: 14.18,2025-12-16T00:08:23.858509
Giá cả,"P/E thị trường
Max
Min
Trung bình",2025-12-16T00:08:23.858515
Giá cả,P/E thị trường,2025-12-16T00:08:23.858519
Giá cả,Trung bình,2025-12-16T00:08:23.858522
Giá cả,"E/P VNINDEX - LÃI SUẤT HUY ĐỘNG 12 THÁNG
Q4/2024
Q2/2025
Q3/2025",2025-12-16T00:08:23.858531
Giá cả,"GIÁ TRỊ TỰ DOANH RÒNG
1D
1W
1M",2025-12-16T00:08:23.858537
Giá cả,"1D
1W
1M",2025-12-16T00:08:23.858539
Giá cả,"Chart
Chart with 0 data points.
End of interactive chart.",2025-12-16T00:08:23.858543
Giá cả,"Chart
Chart with 0 data points.",2025-12-16T00:08:23.858546
Giá cả,Chart with 0 data points.,2025-12-16T00:08:23.858548
Giá cả,"GIÁ TRỊ KHỐI NGOẠI RÒNG
1D
1W
1M",2025-12-16T00:08:23.858554
Giá cả,"Ghi chú: gdp-thuc
Cá nhân
Thêm ghi chú bằng cách điền
vào ô bên dưới
Nhập ghi chú",2025-12-16T00:08:23.858566
Giá cả,"Ghi chú: gdp-thuc
Cá nhân",2025-12-16T00:08:23.858571
Giá cả,Ghi chú: gdp-thuc,2025-12-16T00:08:23.858575
Giá cả,gdp-thuc,2025-12-16T00:08:23.858577
Giá cả,Cá nhân,2025-12-16T00:08:23.858581
Giá cả,"Thêm ghi chú bằng cách điền
vào ô bên dưới",2025-12-16T00:08:23.858587
Giá cả,Nhập ghi chú,2025-12-16T00:08:23.858591
Giá cả,"Thị trường
Ngành
Cổ phiếu",2025-12-16T00:08:23.858596
Giá cả,Thị trường,2025-12-16T00:08:23.858601
Giá cả,Ngành,2025-12-16T00:08:23.858604
Giá cả,Cổ phiếu,2025-12-16T00:08:23.858609
Thị trường hàng hoá,"Thư viện
Sửa đồ thị",2025-12-16T00:08:27.972958
Thị trường hàng hoá,FDI dăng ký dự án,2025-12-16T00:08:27.972974
Thị trường hàng hoá,FDI thực hiện,2025-12-16T00:08:27.972982
Thị trường hàng hoá,"Mối quan hệ giữa vàng và lãi suất, bơm tiền",2025-12-16T00:08:27.972991
Thị trường hàng hoá,%HUY ĐỘNG,2025-12-16T00:08:27.972995
Thị trường hàng hoá,VĐT phát triển XH,2025-12-16T00:08:27.972999
Thị trường hàng hoá,BÁN LẺ,2025-12-16T00:08:27.973003
Thị trường hàng hoá,USD.VND 2025,2025-12-16T00:08:27.973006
Thị trường hàng hoá,Bóc tách CPI YOY,2025-12-16T00:08:27.973010
Thị trường hàng hoá,"​
​
Khung thời gian:
Quarterly
Kiểu giá trị:
Value",2025-12-16T00:08:27.973020
Thị trường hàng hoá,"Khung thời gian:
Quarterly",2025-12-16T00:08:27.973026
Thị trường hàng hoá,Khung thời gian:,2025-12-16T00:08:27.973030
Thị trường hàng hoá,Quarterly,2025-12-16T00:08:27.973033
Thị trường hàng hoá,"Kiểu giá trị:
Value",2025-12-16T00:08:27.973037
Thị trường hàng hoá,Kiểu giá trị:,2025-12-16T00:08:27.973041
Thị trường hàng hoá,Value,2025-12-16T00:08:27.973043
Thị trường hàng hoá,Q3-2025,2025-12-16T00:08:27.973047
Thị trường hàng hoá,Q2-2025,2025-12-16T00:08:27.973050
Thị trường hàng hoá,Q1-2025,2025-12-16T00:08:27.973052
Thị trường hàng hoá,Q4-2024,2025-12-16T00:08:27.973054
Thị trường hàng hoá,Q3-2024,2025-12-16T00:08:27.973057
Thị trường hàng hoá,Q2-2024,2025-12-16T00:08:27.973059
Thị trường hàng hoá,Q1-2024,2025-12-16T00:08:27.973062
Thị trường hàng hoá,Q4-2023,2025-12-16T00:08:27.973064
Thị trường hàng hoá,Q3-2023,2025-12-16T00:08:27.973066
Thị trường hàng hoá,Q2-2023,2025-12-16T00:08:27.973069
Thị trường hàng hoá,Q1-2023,2025-12-16T00:08:27.973071
Thị trường hàng hoá,Q4-2022,2025-12-16T00:08:27.973074
Thị trường hàng hoá,Q3-2022,2025-12-16T00:08:27.973076
Thị trường hàng hoá,Q2-2022,2025-12-16T00:08:27.973078
Thị trường hàng hoá,Q1-2022,2025-12-16T00:08:27.973080
Thị trường hàng hoá,GDP THỰC,2025-12-16T00:08:27.973084
Thị trường hàng hoá,"Nông nghiệp, lâm nghiệp và thủy sản",2025-12-16T00:08:27.973112
Thị trường hàng hoá,Nông nghiệp,2025-12-16T00:08:27.973135
Thị trường hàng hoá,Lâm nghiệp,2025-12-16T00:08:27.973159
Thị trường hàng hoá,Thủy sản,2025-12-16T00:08:27.973182
Thị trường hàng hoá,Công nghiệp và xây dựng,2025-12-16T00:08:27.973207
Thị trường hàng hoá,Dịch vụ,2025-12-16T00:08:27.973230
Thị trường hàng hoá,Thuế sản phẩm trừ trợ cấp sản phẩm,2025-12-16T00:08:27.973255
Thị trường hàng hoá,"Thông tin mới nhất
Tin quan trọng",2025-12-16T00:08:27.973280
Thị trường hàng hoá,Thông tin mới nhất,2025-12-16T00:08:27.973285
Thị trường hàng hoá,Tin quan trọng,2025-12-16T00:08:27.973289
Thị trường hàng hoá,"THỊ TRƯỜNG
ĐỊNH GIÁ
DÒNG TIỀN
QUỐC TẾ",2025-12-16T00:08:27.973295
Thị trường hàng hoá,"VNINDEX
Đóng cửa
1,646.01
-0.88
-0.05%",2025-12-16T00:08:27.973302
Thị trường hàng hoá,"VNINDEX
Đóng cửa",2025-12-16T00:08:27.973306
Thị trường hàng hoá,Đóng cửa,2025-12-16T00:08:27.973311
Thị trường hàng hoá,"1,646.01
-0.88
-0.05%",2025-12-16T00:08:27.973315
Thị trường hàng hoá,"Chart
Chart with 121 data points.",2025-12-16T00:08:27.973319
Thị trường hàng hoá,Chart with 121 data points.,2025-12-16T00:08:27.973322
Thị trường hàng hoá,End of interactive chart.,2025-12-16T00:08:27.973325
Thị trường hàng hoá,"PHÂN BỔ DÒNG TIỀN
0
3
6
9
12
Tăng giá:
126 CP
Giảm giá:
189 CP
Không đổi:
60 CP
6.45 Nghìn tỷ
7.34 Nghìn tỷ
2.13 Nghìn tỷ",2025-12-16T00:08:27.973338
Thị trường hàng hoá,PHÂN BỔ DÒNG TIỀN,2025-12-16T00:08:27.973343
Thị trường hàng hoá,"0
3
6
9
12
Tăng giá:
126 CP
Giảm giá:
189 CP
Không đổi:
60 CP
6.45 Nghìn tỷ
7.34 Nghìn tỷ
2.13 Nghìn tỷ",2025-12-16T00:08:27.973354
Thị trường hàng hoá,"Tăng giá:
126 CP",2025-12-16T00:08:27.973358
Thị trường hàng hoá,Tăng giá:,2025-12-16T00:08:27.973362
Thị trường hàng hoá,126 CP,2025-12-16T00:08:27.973364
Thị trường hàng hoá,"Giảm giá:
189 CP",2025-12-16T00:08:27.973368
Thị trường hàng hoá,Giảm giá:,2025-12-16T00:08:27.973372
Thị trường hàng hoá,189 CP,2025-12-16T00:08:27.973374
Thị trường hàng hoá,"Không đổi:
60 CP",2025-12-16T00:08:27.973378
Thị trường hàng hoá,Không đổi:,2025-12-16T00:08:27.973381
Thị trường hàng hoá,60 CP,2025-12-16T00:08:27.973384
Thị trường hàng hoá,6.45 Nghìn tỷ,2025-12-16T00:08:27.973388
Thị trường hàng hoá,7.34 Nghìn tỷ,2025-12-16T00:08:27.973392
Thị trường hàng hoá,2.13 Nghìn tỷ,2025-12-16T00:08:27.973396
Thị trường hàng hoá,TÁC ĐỘNG ĐẾN INDEX,2025-12-16T00:08:27.973400
Thị trường hàng hoá,"VPB
TCX
BSR
VNM
VRE
VPX
GEE
MCH
LPB
VHM
VIC
VPL
-4
-2
0
2
1.63
1.45
0.98
0.81
0.71
-0.49
-0.73
-0.84
-0.91
-1.42
-1.83
-2.29",2025-12-16T00:08:27.973406
Thị trường hàng hoá,"Tác động tăng
Tác động giảm",2025-12-16T00:08:27.973427
Thị trường hàng hoá,Tác động tăng,2025-12-16T00:08:27.973431
Thị trường hàng hoá,Tác động giảm,2025-12-16T00:08:27.973435
Thị trường hàng hoá,"1Y
2Y
3Y
5Y
10Y
All",2025-12-16T00:08:27.973438
Thị trường hàng hoá,"DIỄN BIẾN THỊ TRƯỜNG
Q4/2024
Q2/2025
Q3/2025
Vốn hoá
LNST
SLCP lưu hành",2025-12-16T00:08:27.973448
Thị trường hàng hoá,"Q4/2024
Q2/2025
Q3/2025",2025-12-16T00:08:27.973451
Thị trường hàng hoá,"Vốn hoá
LNST
SLCP lưu hành",2025-12-16T00:08:27.973456
Thị trường hàng hoá,Vốn hoá,2025-12-16T00:08:27.973460
Thị trường hàng hoá,LNST,2025-12-16T00:08:27.973462
Thị trường hàng hoá,SLCP lưu hành,2025-12-16T00:08:27.973466
Thị trường hàng hoá,"PE THỊ TRƯỜNG
Q4/2024
Q2/2025
Q3/2025
Average: 14.18
P/E thị trường
Max
Min
Trung bình",2025-12-16T00:08:27.973477
Thị trường hàng hoá,"Q4/2024
Q2/2025
Q3/2025
Average: 14.18",2025-12-16T00:08:27.973480
Thị trường hàng hoá,Average: 14.18,2025-12-16T00:08:27.973483
Thị trường hàng hoá,"P/E thị trường
Max
Min
Trung bình",2025-12-16T00:08:27.973488
Thị trường hàng hoá,P/E thị trường,2025-12-16T00:08:27.973493
Thị trường hàng hoá,Trung bình,2025-12-16T00:08:27.973496
Thị trường hàng hoá,"E/P VNINDEX - LÃI SUẤT HUY ĐỘNG 12 THÁNG
Q4/2024
Q2/2025
Q3/2025",2025-12-16T00:08:27.973506
Thị trường hàng hoá,"GIÁ TRỊ TỰ DOANH RÒNG
1D
1W
1M",2025-12-16T00:08:27.973511
Thị trường hàng hoá,"1D
1W
1M",2025-12-16T00:08:27.973514
Thị trường hàng hoá,"Chart
Chart with 15 data points.",2025-12-16T00:08:27.973517
Thị trường hàng hoá,Chart with 15 data points.,2025-12-16T00:08:27.973520
Thị trường hàng hoá,"27/11
01/12
03/12
05/12
09/12
11/12
-500
0
500
1000
-5500
-5000
-4500
-4000",2025-12-16T00:08:27.973527
Thị trường hàng hoá,"GIÁ TRỊ KHỐI NGOẠI RÒNG
1D
1W
1M",2025-12-16T00:08:27.973533
Thị trường hàng hoá,"28/11
02/12
04/12
08/12
10/12
12/12
-1K
0
1K
2K
-123K
-121.5K
-120K
-118.5K",2025-12-16T00:08:27.973537
Thị trường hàng hoá,"Ghi chú: gdp-thuc
Cá nhân
Thêm ghi chú bằng cách điền
vào ô bên dưới
Nhập ghi chú",2025-12-16T00:08:27.973548
Thị trường hàng hoá,"Ghi chú: gdp-thuc
Cá nhân",2025-12-16T00:08:27.973553
Thị trường hàng hoá,Ghi chú: gdp-thuc,2025-12-16T00:08:27.973556
Thị trường hàng hoá,gdp-thuc,2025-12-16T00:08:27.973559
Thị trường hàng hoá,Cá nhân,2025-12-16T00:08:27.973562
Thị trường hàng hoá,"Thêm ghi chú bằng cách điền
vào ô bên dưới",2025-12-16T00:08:27.973569
Thị trường hàng hoá,Nhập ghi chú,2025-12-16T00:08:27.973572
Thị trường hàng hoá,"Thị trường
Ngành
Cổ phiếu",2025-12-16T00:08:27.973577
Thị trường hàng hoá,Thị trường,2025-12-16T00:08:27.973581
Thị trường hàng hoá,Ngành,2025-12-16T00:08:27.973584
Thị trường hàng hoá,Cổ phiếu,2025-12-16T00:08:27.973587
Giao dịch quốc tế,"Thư viện
Sửa đồ thị",2025-12-16T00:08:32.070190
Giao dịch quốc tế,FDI dăng ký dự án,2025-12-16T00:08:32.070198
Giao dịch quốc tế,FDI thực hiện,2025-12-16T00:08:32.070201
Giao dịch quốc tế,"Mối quan hệ giữa vàng và lãi suất, bơm tiền",2025-12-16T00:08:32.070206
Giao dịch quốc tế,%HUY ĐỘNG,2025-12-16T00:08:32.070208
Giao dịch quốc tế,VĐT phát triển XH,2025-12-16T00:08:32.070210
Giao dịch quốc tế,BÁN LẺ,2025-12-16T00:08:32.070212
Giao dịch quốc tế,USD.VND 2025,2025-12-16T00:08:32.070214
Giao dịch quốc tế,Bóc tách CPI YOY,2025-12-16T00:08:32.070216
Giao dịch quốc tế,"​
​
Khung thời gian:
Quarterly
Kiểu giá trị:
Value",2025-12-16T00:08:32.070221
Giao dịch quốc tế,"Khung thời gian:
Quarterly",2025-12-16T00:08:32.070224
Giao dịch quốc tế,Khung thời gian:,2025-12-16T00:08:32.070226
Giao dịch quốc tế,Quarterly,2025-12-16T00:08:32.070228
Giao dịch quốc tế,"Kiểu giá trị:
Value",2025-12-16T00:08:32.070230
Giao dịch quốc tế,Kiểu giá trị:,2025-12-16T00:08:32.070232
Giao dịch quốc tế,Value,2025-12-16T00:08:32.070233
Giao dịch quốc tế,Q3-2025,2025-12-16T00:08:32.070235
Giao dịch quốc tế,Q2-2025,2025-12-16T00:08:32.070237
Giao dịch quốc tế,Q1-2025,2025-12-16T00:08:32.070238
Giao dịch quốc tế,Q4-2024,2025-12-16T00:08:32.070239
Giao dịch quốc tế,Q3-2024,2025-12-16T00:08:32.070240
Giao dịch quốc tế,Q2-2024,2025-12-16T00:08:32.070241
Giao dịch quốc tế,Q1-2024,2025-12-16T00:08:32.070243
Giao dịch quốc tế,Q4-2023,2025-12-16T00:08:32.070244
Giao dịch quốc tế,Q3-2023,2025-12-16T00:08:32.070245
Giao dịch quốc tế,Q2-2023,2025-12-16T00:08:32.070246
Giao dịch quốc tế,Q1-2023,2025-12-16T00:08:32.070248
Giao dịch quốc tế,Q4-2022,2025-12-16T00:08:32.070249
Giao dịch quốc tế,Q3-2022,2025-12-16T00:08:32.070250
Giao dịch quốc tế,Q2-2022,2025-12-16T00:08:32.070251
Giao dịch quốc tế,Q1-2022,2025-12-16T00:08:32.070252
Giao dịch quốc tế,GDP THỰC,2025-12-16T00:08:32.070254
Giao dịch quốc tế,"Nông nghiệp, lâm nghiệp và thủy sản",2025-12-16T00:08:32.070269
Giao dịch quốc tế,Nông nghiệp,2025-12-16T00:08:32.070281
Giao dịch quốc tế,Lâm nghiệp,2025-12-16T00:08:32.070293
Giao dịch quốc tế,Thủy sản,2025-12-16T00:08:32.070305
Giao dịch quốc tế,Công nghiệp và xây dựng,2025-12-16T00:08:32.070318
Giao dịch quốc tế,Dịch vụ,2025-12-16T00:08:32.070330
Giao dịch quốc tế,Thuế sản phẩm trừ trợ cấp sản phẩm,2025-12-16T00:08:32.070344
Giao dịch quốc tế,"Thông tin mới nhất
Tin quan trọng",2025-12-16T00:08:32.070357
Giao dịch quốc tế,Thông tin mới nhất,2025-12-16T00:08:32.070359
Giao dịch quốc tế,Tin quan trọng,2025-12-16T00:08:32.070362
Giao dịch quốc tế,"THỊ TRƯỜNG
ĐỊNH GIÁ
DÒNG TIỀN
QUỐC TẾ",2025-12-16T00:08:32.070365
Giao dịch quốc tế,"VNINDEX
Đóng cửa
1,646.01
-0.88
-0.05%",2025-12-16T00:08:32.070369
Giao dịch quốc tế,"VNINDEX
Đóng cửa",2025-12-16T00:08:32.070371
Giao dịch quốc tế,Đóng cửa,2025-12-16T00:08:32.070373
Giao dịch quốc tế,"1,646.01
-0.88
-0.05%",2025-12-16T00:08:32.070375
Giao dịch quốc tế,"Chart
Chart with 121 data points.",2025-12-16T00:08:32.070376
Giao dịch quốc tế,Chart with 121 data points.,2025-12-16T00:08:32.070378
Giao dịch quốc tế,End of interactive chart.,2025-12-16T00:08:32.070379
Giao dịch quốc tế,"PHÂN BỔ DÒNG TIỀN
0
3
6
9
12
6.45 Nghìn tỷ
7.34 Nghìn tỷ
2.13 Nghìn tỷ
Tăng giá:
126 CP
Giảm giá:
189 CP
Không đổi:
60 CP",2025-12-16T00:08:32.070386
Giao dịch quốc tế,PHÂN BỔ DÒNG TIỀN,2025-12-16T00:08:32.070389
Giao dịch quốc tế,"0
3
6
9
12
6.45 Nghìn tỷ
7.34 Nghìn tỷ
2.13 Nghìn tỷ
Tăng giá:
126 CP
Giảm giá:
189 CP
Không đổi:
60 CP",2025-12-16T00:08:32.070395
Giao dịch quốc tế,6.45 Nghìn tỷ,2025-12-16T00:08:32.070397
Giao dịch quốc tế,7.34 Nghìn tỷ,2025-12-16T00:08:32.070407
Giao dịch quốc tế,2.13 Nghìn tỷ,2025-12-16T00:08:32.070409
Giao dịch quốc tế,"Tăng giá:
126 CP",2025-12-16T00:08:32.070411
Giao dịch quốc tế,Tăng giá:,2025-12-16T00:08:32.070413
Giao dịch quốc tế,126 CP,2025-12-16T00:08:32.070415
Giao dịch quốc tế,"Giảm giá:
189 CP",2025-12-16T00:08:32.070417
Giao dịch quốc tế,Giảm giá:,2025-12-16T00:08:32.070419
Giao dịch quốc tế,189 CP,2025-12-16T00:08:32.070420
Giao dịch quốc tế,"Không đổi:
60 CP",2025-12-16T00:08:32.070422
Giao dịch quốc tế,Không đổi:,2025-12-16T00:08:32.070424
Giao dịch quốc tế,60 CP,2025-12-16T00:08:32.070425
Giao dịch quốc tế,TÁC ĐỘNG ĐẾN INDEX,2025-12-16T00:08:32.070427
Giao dịch quốc tế,"VPB
TCX
BSR
VNM
VRE
VPX
GEE
MCH
LPB
VHM
VIC
VPL
-4
-2
0
2
1.63
1.45
0.98
0.81
0.71
-0.49
-0.73
-0.84
-0.91
-1.42
-1.83
-2.29",2025-12-16T00:08:32.070430
Giao dịch quốc tế,"Tác động tăng
Tác động giảm",2025-12-16T00:08:32.070442
Giao dịch quốc tế,Tác động tăng,2025-12-16T00:08:32.070444
Giao dịch quốc tế,Tác động giảm,2025-12-16T00:08:32.070446
Giao dịch quốc tế,"1Y
2Y
3Y
5Y
10Y
All",2025-12-16T00:08:32.070447
Giao dịch quốc tế,"DIỄN BIẾN THỊ TRƯỜNG
Q4/2024
Q2/2025
Q3/2025
Vốn hoá
LNST
SLCP lưu hành",2025-12-16T00:08:32.070452
Giao dịch quốc tế,"Q4/2024
Q2/2025
Q3/2025",2025-12-16T00:08:32.070454
Giao dịch quốc tế,"Vốn hoá
LNST
SLCP lưu hành",2025-12-16T00:08:32.070457
Giao dịch quốc tế,Vốn hoá,2025-12-16T00:08:32.070459
Giao dịch quốc tế,LNST,2025-12-16T00:08:32.070460
Giao dịch quốc tế,SLCP lưu hành,2025-12-16T00:08:32.070462
Giao dịch quốc tế,"PE THỊ TRƯỜNG
Q4/2024
Q2/2025
Q3/2025
Average: 14.18
P/E thị trường
Max
Min
Trung bình",2025-12-16T00:08:32.070467
Giao dịch quốc tế,"Q4/2024
Q2/2025
Q3/2025
Average: 14.18",2025-12-16T00:08:32.070469
Giao dịch quốc tế,Average: 14.18,2025-12-16T00:08:32.070471
Giao dịch quốc tế,"P/E thị trường
Max
Min
Trung bình",2025-12-16T00:08:32.070474
Giao dịch quốc tế,P/E thị trường,2025-12-16T00:08:32.070476
Giao dịch quốc tế,Trung bình,2025-12-16T00:08:32.070478
Giao dịch quốc tế,"E/P VNINDEX - LÃI SUẤT HUY ĐỘNG 12 THÁNG
Q4/2024
Q2/2025
Q3/2025",2025-12-16T00:08:32.070483
Giao dịch quốc tế,"GIÁ TRỊ TỰ DOANH RÒNG
1D
1W
1M",2025-12-16T00:08:32.070486
Giao dịch quốc tế,"1D
1W
1M",2025-12-16T00:08:32.070487
Giao dịch quốc tế,"Chart
Chart with 15 data points.",2025-12-16T00:08:32.070489
Giao dịch quốc tế,Chart with 15 data points.,2025-12-16T00:08:32.070491
Giao dịch quốc tế,"27/11
01/12
03/12
05/12
09/12
11/12
-500
0
500
1000
-5500
-5000
-4500
-4000",2025-12-16T00:08:32.070493
Giao dịch quốc tế,"GIÁ TRỊ KHỐI NGOẠI RÒNG
1D
1W
1M",2025-12-16T00:08:32.070496
Giao dịch quốc tế,"28/11
02/12
04/12
08/12
10/12
12/12
-1K
0
1K
2K
-123K
-121.5K
-120K
-118.5K",2025-12-16T00:08:32.070498
Giao dịch quốc tế,"Ghi chú: gdp-thuc
Cá nhân
Thêm ghi chú bằng cách điền
vào ô bên dưới
Nhập ghi chú",2025-12-16T00:08:32.070504
Giao dịch quốc tế,"Ghi chú: gdp-thuc
Cá nhân",2025-12-16T00:08:32.070506
Giao dịch quốc tế,Ghi chú: gdp-thuc,2025-12-16T00:08:32.070508
Giao dịch quốc tế,gdp-thuc,2025-12-16T00:08:32.070509
Giao dịch quốc tế,Cá nhân,2025-12-16T00:08:32.070511
Giao dịch quốc tế,"Thêm ghi chú bằng cách điền
vào ô bên dưới",2025-12-16T00:08:32.070514
Giao dịch quốc tế,Nhập ghi chú,2025-12-16T00:08:32.070516
Giao dịch quốc tế,"Thị trường
Ngành
Cổ phiếu",2025-12-16T00:08:32.070519
Giao dịch quốc tế,Thị trường,2025-12-16T00:08:32.070521
Giao dịch quốc tế,Ngành,2025-12-16T00:08:32.070522
Giao dịch quốc tế,Cổ phiếu,2025-12-16T00:08:32.070524
Đầu tư,"Thư viện
Sửa đồ thị",2025-12-16T00:08:36.182689
Đầu tư,FDI dăng ký dự án,2025-12-16T00:08:36.182705
Đầu tư,FDI thực hiện,2025-12-16T00:08:36.182713
Đầu tư,"Mối quan hệ giữa vàng và lãi suất, bơm tiền",2025-12-16T00:08:36.182721
Đầu tư,%HUY ĐỘNG,2025-12-16T00:08:36.182725
Đầu tư,VĐT phát triển XH,2025-12-16T00:08:36.182730
Đầu tư,BÁN LẺ,2025-12-16T00:08:36.182733
Đầu tư,USD.VND 2025,2025-12-16T00:08:36.182736
Đầu tư,Bóc tách CPI YOY,2025-12-16T00:08:36.182740
Đầu tư,"​
​
Khung thời gian:
Quarterly
Kiểu giá trị:
Value",2025-12-16T00:08:36.182750
Đầu tư,"Khung thời gian:
Quarterly",2025-12-16T00:08:36.182756
Đầu tư,Khung thời gian:,2025-12-16T00:08:36.182760
Đầu tư,Quarterly,2025-12-16T00:08:36.182763
Đầu tư,"Kiểu giá trị:
Value",2025-12-16T00:08:36.182767
Đầu tư,Kiểu giá trị:,2025-12-16T00:08:36.182771
Đầu tư,Value,2025-12-16T00:08:36.182774
Đầu tư,Q3-2025,2025-12-16T00:08:36.182777
Đầu tư,Q2-2025,2025-12-16T00:08:36.182780
Đầu tư,Q1-2025,2025-12-16T00:08:36.182782
Đầu tư,Q4-2024,2025-12-16T00:08:36.182785
Đầu tư,Q3-2024,2025-12-16T00:08:36.182787
Đầu tư,Q2-2024,2025-12-16T00:08:36.182790
Đầu tư,Q1-2024,2025-12-16T00:08:36.182792
Đầu tư,Q4-2023,2025-12-16T00:08:36.182794
Đầu tư,Q3-2023,2025-12-16T00:08:36.182797
Đầu tư,Q2-2023,2025-12-16T00:08:36.182799
Đầu tư,Q1-2023,2025-12-16T00:08:36.182801
Đầu tư,Q4-2022,2025-12-16T00:08:36.182804
Đầu tư,Q3-2022,2025-12-16T00:08:36.182806
Đầu tư,Q2-2022,2025-12-16T00:08:36.182808
Đầu tư,Q1-2022,2025-12-16T00:08:36.182811
Đầu tư,GDP THỰC,2025-12-16T00:08:36.182815
Đầu tư,"Nông nghiệp, lâm nghiệp và thủy sản",2025-12-16T00:08:36.182842
Đầu tư,Nông nghiệp,2025-12-16T00:08:36.182865
Đầu tư,Lâm nghiệp,2025-12-16T00:08:36.182888
Đầu tư,Thủy sản,2025-12-16T00:08:36.182911
Đầu tư,Công nghiệp và xây dựng,2025-12-16T00:08:36.182935
Đầu tư,Dịch vụ,2025-12-16T00:08:36.182958
Đầu tư,Thuế sản phẩm trừ trợ cấp sản phẩm,2025-12-16T00:08:36.182982
Đầu tư,"Thông tin mới nhất
Tin quan trọng",2025-12-16T00:08:36.183006
Đầu tư,Thông tin mới nhất,2025-12-16T00:08:36.183011
Đầu tư,Tin quan trọng,2025-12-16T00:08:36.183015
Đầu tư,"THỊ TRƯỜNG
ĐỊNH GIÁ
DÒNG TIỀN
QUỐC TẾ",2025-12-16T00:08:36.183022
Đầu tư,"VNINDEX
Đóng cửa
1,646.01
-0.88
-0.05%",2025-12-16T00:08:36.183031
Đầu tư,"VNINDEX
Đóng cửa",2025-12-16T00:08:36.183035
Đầu tư,Đóng cửa,2025-12-16T00:08:36.183039
Đầu tư,"1,646.01
-0.88
-0.05%",2025-12-16T00:08:36.183042
Đầu tư,"Chart
Chart with 121 data points.",2025-12-16T00:08:36.183045
Đầu tư,Chart with 121 data points.,2025-12-16T00:08:36.183048
Đầu tư,End of interactive chart.,2025-12-16T00:08:36.183051
Đầu tư,"PHÂN BỔ DÒNG TIỀN
0
3
6
9
12
6.45 Nghìn tỷ
7.34 Nghìn tỷ
2.13 Nghìn tỷ
Tăng giá:
126 CP
Giảm giá:
189 CP
Không đổi:
60 CP",2025-12-16T00:08:36.183064
Đầu tư,PHÂN BỔ DÒNG TIỀN,2025-12-16T00:08:36.183069
Đầu tư,"0
3
6
9
12
6.45 Nghìn tỷ
7.34 Nghìn tỷ
2.13 Nghìn tỷ
Tăng giá:
126 CP
Giảm giá:
189 CP
Không đổi:
60 CP",2025-12-16T00:08:36.183080
Đầu tư,6.45 Nghìn tỷ,2025-12-16T00:08:36.183084
Đầu tư,7.34 Nghìn tỷ,2025-12-16T00:08:36.183088
Đầu tư,2.13 Nghìn tỷ,2025-12-16T00:08:36.183092
Đầu tư,"Tăng giá:
126 CP",2025-12-16T00:08:36.183096
Đầu tư,Tăng giá:,2025-12-16T00:08:36.183100
Đầu tư,126 CP,2025-12-16T00:08:36.183102
Đầu tư,"Giảm giá:
189 CP",2025-12-16T00:08:36.183106
Đầu tư,Giảm giá:,2025-12-16T00:08:36.183109
Đầu tư,189 CP,2025-12-16T00:08:36.183112
Đầu tư,"Không đổi:
60 CP",2025-12-16T00:08:36.183116
Đầu tư,Không đổi:,2025-12-16T00:08:36.183119
Đầu tư,60 CP,2025-12-16T00:08:36.183122
Đầu tư,TÁC ĐỘNG ĐẾN INDEX,2025-12-16T00:08:36.183126
Đầu tư,"VPB
TCX
BSR
VNM
VRE
VPX
GEE
MCH
LPB
VHM
VIC
VPL
-4
-2
0
2
1.63
1.45
0.98
0.81
0.71
-0.49
-0.73
-0.84
-0.91
-1.42
-1.83
-2.29",2025-12-16T00:08:36.183132
Đầu tư,"Tác động tăng
Tác động giảm",2025-12-16T00:08:36.183153
Đầu tư,Tác động tăng,2025-12-16T00:08:36.183157
Đầu tư,Tác động giảm,2025-12-16T00:08:36.183161
Đầu tư,"1Y
2Y
3Y
5Y
10Y
All",2025-12-16T00:08:36.183163
Đầu tư,"DIỄN BIẾN THỊ TRƯỜNG
Q4/2024
Q2/2025
Q3/2025
Vốn hoá
LNST
SLCP lưu hành",2025-12-16T00:08:36.183173
Đầu tư,"Q4/2024
Q2/2025
Q3/2025",2025-12-16T00:08:36.183177
Đầu tư,"Vốn hoá
LNST
SLCP lưu hành",2025-12-16T00:08:36.183183
Đầu tư,Vốn hoá,2025-12-16T00:08:36.183186
Đầu tư,LNST,2025-12-16T00:08:36.183189
Đầu tư,SLCP lưu hành,2025-12-16T00:08:36.183192
Đầu tư,"PE THỊ TRƯỜNG
Q4/2024
Q2/2025
Q3/2025
Average: 14.18
P/E thị trường
Max
Min
Trung bình",2025-12-16T00:08:36.183203
Đầu tư,"Q4/2024
Q2/2025
Q3/2025
Average: 14.18",2025-12-16T00:08:36.183206
Đầu tư,Average: 14.18,2025-12-16T00:08:36.183209
Đầu tư,"P/E thị trường
Max
Min
Trung bình",2025-12-16T00:08:36.183214
Đầu tư,P/E thị trường,2025-12-16T00:08:36.183218
Đầu tư,Trung bình,2025-12-16T00:08:36.183222
Đầu tư,"E/P VNINDEX - LÃI SUẤT HUY ĐỘNG 12 THÁNG
Q4/2024
Q2/2025
Q3/2025",2025-12-16T00:08:36.183231
Đầu tư,"GIÁ TRỊ TỰ DOANH RÒNG
1D
1W
1M",2025-12-16T00:08:36.183237
Đầu tư,"1D
1W
1M",2025-12-16T00:08:36.183239
Đầu tư,"Chart
Chart with 15 data points.",2025-12-16T00:08:36.183242
Đầu tư,Chart with 15 data points.,2025-12-16T00:08:36.183245
Đầu tư,"27/11
01/12
03/12
05/12
09/12
11/12
-500
0
500
1000
-5500
-5000
-4500
-4000",2025-12-16T00:08:36.183249
Đầu tư,"GIÁ TRỊ KHỐI NGOẠI RÒNG
1D
1W
1M",2025-12-16T00:08:36.183255
Đầu tư,"28/11
02/12
04/12
08/12
10/12
12/12
-1K
0
1K
2K
-123K
-121.5K
-120K
-118.5K",2025-12-16T00:08:36.183260
Đầu tư,"Ghi chú: gdp-thuc
Cá nhân
Thêm ghi chú bằng cách điền
vào ô bên dưới
Nhập ghi chú",2025-12-16T00:08:36.183270
Đầu tư,"Ghi chú: gdp-thuc
Cá nhân",2025-12-16T00:08:36.183275
Đầu tư,Ghi chú: gdp-thuc,2025-12-16T00:08:36.183279
Đầu tư,gdp-thuc,2025-12-16T00:08:36.183281
Đầu tư,Cá nhân,2025-12-16T00:08:36.183285
Đầu tư,"Thêm ghi chú bằng cách điền
vào ô bên dưới",2025-12-16T00:08:36.183291
Đầu tư,Nhập ghi chú,2025-12-16T00:08:36.183295
Đầu tư,"Thị trường
Ngành
Cổ phiếu",2025-12-16T00:08:36.183300
Đầu tư,Thị trường,2025-12-16T00:08:36.183303
Đầu tư,Ngành,2025-12-16T00:08:36.183306
Đầu tư,Cổ phiếu,2025-12-16T00:08:36.183310
Hệ thống ngân hàng,"Thư viện
Sửa đồ thị",2025-12-16T00:08:40.283396
Hệ thống ngân hàng,FDI dăng ký dự án,2025-12-16T00:08:40.283411
Hệ thống ngân hàng,FDI thực hiện,2025-12-16T00:08:40.283418
Hệ thống ngân hàng,"Mối quan hệ giữa vàng và lãi suất, bơm tiền",2025-12-16T00:08:40.283428
Hệ thống ngân hàng,%HUY ĐỘNG,2025-12-16T00:08:40.283432
Hệ thống ngân hàng,VĐT phát triển XH,2025-12-16T00:08:40.283436
Hệ thống ngân hàng,BÁN LẺ,2025-12-16T00:08:40.283439
Hệ thống ngân hàng,USD.VND 2025,2025-12-16T00:08:40.283442
Hệ thống ngân hàng,Bóc tách CPI YOY,2025-12-16T00:08:40.283446
Hệ thống ngân hàng,"​
​
Khung thời gian:
Quarterly
Kiểu giá trị:
Value",2025-12-16T00:08:40.283457
Hệ thống ngân hàng,"Khung thời gian:
Quarterly",2025-12-16T00:08:40.283462
Hệ thống ngân hàng,Khung thời gian:,2025-12-16T00:08:40.283466
Hệ thống ngân hàng,Quarterly,2025-12-16T00:08:40.283469
Hệ thống ngân hàng,"Kiểu giá trị:
Value",2025-12-16T00:08:40.283473
Hệ thống ngân hàng,Kiểu giá trị:,2025-12-16T00:08:40.283477
Hệ thống ngân hàng,Value,2025-12-16T00:08:40.283480
Hệ thống ngân hàng,Q3-2025,2025-12-16T00:08:40.283483
Hệ thống ngân hàng,Q2-2025,2025-12-16T00:08:40.283486
Hệ thống ngân hàng,Q1-2025,2025-12-16T00:08:40.283488
Hệ thống ngân hàng,Q4-2024,2025-12-16T00:08:40.283491
Hệ thống ngân hàng,Q3-2024,2025-12-16T00:08:40.283493
Hệ thống ngân hàng,Q2-2024,2025-12-16T00:08:40.283495
Hệ thống ngân hàng,Q1-2024,2025-12-16T00:08:40.283498
Hệ thống ngân hàng,Q4-2023,2025-12-16T00:08:40.283500
Hệ thống ngân hàng,Q3-2023,2025-12-16T00:08:40.283503
Hệ thống ngân hàng,Q2-2023,2025-12-16T00:08:40.283505
Hệ thống ngân hàng,Q1-2023,2025-12-16T00:08:40.283507
Hệ thống ngân hàng,Q4-2022,2025-12-16T00:08:40.283510
Hệ thống ngân hàng,Q3-2022,2025-12-16T00:08:40.283512
Hệ thống ngân hàng,Q2-2022,2025-12-16T00:08:40.283514
Hệ thống ngân hàng,Q1-2022,2025-12-16T00:08:40.283516
Hệ thống ngân hàng,GDP THỰC,2025-12-16T00:08:40.283520
Hệ thống ngân hàng,"Nông nghiệp, lâm nghiệp và thủy sản",2025-12-16T00:08:40.283547
Hệ thống ngân hàng,Nông nghiệp,2025-12-16T00:08:40.283571
Hệ thống ngân hàng,Lâm nghiệp,2025-12-16T00:08:40.283594
Hệ thống ngân hàng,Thủy sản,2025-12-16T00:08:40.283617
Hệ thống ngân hàng,Công nghiệp và xây dựng,2025-12-16T00:08:40.283642
Hệ thống ngân hàng,Dịch vụ,2025-12-16T00:08:40.283665
Hệ thống ngân hàng,Thuế sản phẩm trừ trợ cấp sản phẩm,2025-12-16T00:08:40.283690
Hệ thống ngân hàng,"Thông tin mới nhất
Tin quan trọng",2025-12-16T00:08:40.283715
Hệ thống ngân hàng,Thông tin mới nhất,2025-12-16T00:08:40.283720
Hệ thống ngân hàng,Tin quan trọng,2025-12-16T00:08:40.283724
Hệ thống ngân hàng,"THỊ TRƯỜNG
ĐỊNH GIÁ
DÒNG TIỀN
QUỐC TẾ",2025-12-16T00:08:40.283731
Hệ thống ngân hàng,"VNINDEX
Đóng cửa
1,646.01
-0.88
-0.05%",2025-12-16T00:08:40.283738
Hệ thống ngân hàng,"VNINDEX
Đóng cửa",2025-12-16T00:08:40.283742
Hệ thống ngân hàng,Đóng cửa,2025-12-16T00:08:40.283746
Hệ thống ngân hàng,"1,646.01
-0.88
-0.05%",2025-12-16T00:08:40.283749
Hệ thống ngân hàng,"Chart
Chart with 121 data points.",2025-12-16T00:08:40.283752
Hệ thống ngân hàng,Chart with 121 data points.,2025-12-16T00:08:40.283756
Hệ thống ngân hàng,End of interactive chart.,2025-12-16T00:08:40.283758
Hệ thống ngân hàng,"PHÂN BỔ DÒNG TIỀN
0
3
6
9
12
6.45 Nghìn tỷ
7.34 Nghìn tỷ
2.13 Nghìn tỷ
Tăng giá:
126 CP
Giảm giá:
189 CP
Không đổi:
60 CP",2025-12-16T00:08:40.283772
Hệ thống ngân hàng,PHÂN BỔ DÒNG TIỀN,2025-12-16T00:08:40.283776
Hệ thống ngân hàng,"0
3
6
9
12
6.45 Nghìn tỷ
7.34 Nghìn tỷ
2.13 Nghìn tỷ
Tăng giá:
126 CP
Giảm giá:
189 CP
Không đổi:
60 CP",2025-12-16T00:08:40.283788
Hệ thống ngân hàng,6.45 Nghìn tỷ,2025-12-16T00:08:40.283792
Hệ thống ngân hàng,7.34 Nghìn tỷ,2025-12-16T00:08:40.283797
Hệ thống ngân hàng,2.13 Nghìn tỷ,2025-12-16T00:08:40.283801
Hệ thống ngân hàng,"Tăng giá:
126 CP",2025-12-16T00:08:40.283805
Hệ thống ngân hàng,Tăng giá:,2025-12-16T00:08:40.283808
Hệ thống ngân hàng,126 CP,2025-12-16T00:08:40.283811
Hệ thống ngân hàng,"Giảm giá:
189 CP",2025-12-16T00:08:40.283815
Hệ thống ngân hàng,Giảm giá:,2025-12-16T00:08:40.283818
Hệ thống ngân hàng,189 CP,2025-12-16T00:08:40.283820
Hệ thống ngân hàng,"Không đổi:
60 CP",2025-12-16T00:08:40.283824
Hệ thống ngân hàng,Không đổi:,2025-12-16T00:08:40.283828
Hệ thống ngân hàng,60 CP,2025-12-16T00:08:40.283830
Hệ thống ngân hàng,TÁC ĐỘNG ĐẾN INDEX,2025-12-16T00:08:40.283835
Hệ thống ngân hàng,"VPB
TCX
BSR
VNM
VRE
VPX
GEE
MCH
LPB
VHM
VIC
VPL
-4
-2
0
2
1.63
1.45
0.98
0.81
0.71
-0.49
-0.73
-0.84
-0.91
-1.42
-1.83
-2.29",2025-12-16T00:08:40.283839
Hệ thống ngân hàng,"Tác động tăng
Tác động giảm",2025-12-16T00:08:40.283861
Hệ thống ngân hàng,Tác động tăng,2025-12-16T00:08:40.283865
Hệ thống ngân hàng,Tác động giảm,2025-12-16T00:08:40.283869
Hệ thống ngân hàng,"1Y
2Y
3Y
5Y
10Y
All",2025-12-16T00:08:40.283871
Hệ thống ngân hàng,"DIỄN BIẾN THỊ TRƯỜNG
Q4/2024
Q2/2025
Q3/2025
Vốn hoá
LNST
SLCP lưu hành",2025-12-16T00:08:40.283881
Hệ thống ngân hàng,"Q4/2024
Q2/2025
Q3/2025",2025-12-16T00:08:40.283884
Hệ thống ngân hàng,"Vốn hoá
LNST
SLCP lưu hành",2025-12-16T00:08:40.283890
Hệ thống ngân hàng,Vốn hoá,2025-12-16T00:08:40.283893
Hệ thống ngân hàng,LNST,2025-12-16T00:08:40.283896
Hệ thống ngân hàng,SLCP lưu hành,2025-12-16T00:08:40.283899
Hệ thống ngân hàng,"PE THỊ TRƯỜNG
Q4/2024
Q2/2025
Q3/2025
Average: 14.18
P/E thị trường
Max
Min
Trung bình",2025-12-16T00:08:40.283910
Hệ thống ngân hàng,"Q4/2024
Q2/2025
Q3/2025
Average: 14.18",2025-12-16T00:08:40.283913
Hệ thống ngân hàng,Average: 14.18,2025-12-16T00:08:40.283916
Hệ thống ngân hàng,"P/E thị trường
Max
Min
Trung bình",2025-12-16T00:08:40.283921
Hệ thống ngân hàng,P/E thị trường,2025-12-16T00:08:40.283925
Hệ thống ngân hàng,Trung bình,2025-12-16T00:08:40.283929
Hệ thống ngân hàng,"E/P VNINDEX - LÃI SUẤT HUY ĐỘNG 12 THÁNG
Q4/2024
Q2/2025
Q3/2025",2025-12-16T00:08:40.283938
Hệ thống ngân hàng,"GIÁ TRỊ TỰ DOANH RÒNG
1D
1W
1M",2025-12-16T00:08:40.283944
Hệ thống ngân hàng,"1D
1W
1M",2025-12-16T00:08:40.283946
Hệ thống ngân hàng,"Chart
Chart with 15 data points.",2025-12-16T00:08:40.283949
Hệ thống ngân hàng,Chart with 15 data points.,2025-12-16T00:08:40.283952
Hệ thống ngân hàng,"27/11
01/12
03/12
05/12
09/12
11/12
-500
0
500
1000
-5500
-5000
-4500
-4000",2025-12-16T00:08:40.283956
Hệ thống ngân hàng,"GIÁ TRỊ KHỐI NGOẠI RÒNG
1D
1W
1M",2025-12-16T00:08:40.283962
Hệ thống ngân hàng,"28/11
02/12
04/12
08/12
10/12
12/12
-1K
0
1K
2K
-123K
-121.5K
-120K
-118.5K",2025-12-16T00:08:40.283966
Hệ thống ngân hàng,"Ghi chú: gdp-thuc
Cá nhân
Thêm ghi chú bằng cách điền
vào ô bên dưới
Nhập ghi chú",2025-12-16T00:08:40.283976
Hệ thống ngân hàng,"Ghi chú: gdp-thuc
Cá nhân",2025-12-16T00:08:40.283981
Hệ thống ngân hàng,Ghi chú: gdp-thuc,2025-12-16T00:08:40.283984
Hệ thống ngân hàng,gdp-thuc,2025-12-16T00:08:40.283987
Hệ thống ngân hàng,Cá nhân,2025-12-16T00:08:40.283990
Hệ thống ngân hàng,"Thêm ghi chú bằng cách điền
vào ô bên dưới",2025-12-16T00:08:40.283997
Hệ thống ngân hàng,Nhập ghi chú,2025-12-16T00:08:40.284000
Hệ thống ngân hàng,"Thị trường
Ngành
Cổ phiếu",2025-12-16T00:08:40.284005
Hệ thống ngân hàng,Thị trường,2025-12-16T00:08:40.284009
Hệ thống ngân hàng,Ngành,2025-12-16T00:08:40.284012
Hệ thống ngân hàng,Cổ phiếu,2025-12-16T00:08:40.284015
Thị trường tiền tệ,"Thư viện
Sửa đồ thị",2025-12-16T00:08:44.413316
Thị trường tiền tệ,FDI dăng ký dự án,2025-12-16T00:08:44.413335
Thị trường tiền tệ,FDI thực hiện,2025-12-16T00:08:44.413342
Thị trường tiền tệ,"Mối quan hệ giữa vàng và lãi suất, bơm tiền",2025-12-16T00:08:44.413351
Thị trường tiền tệ,%HUY ĐỘNG,2025-12-16T00:08:44.413355
Thị trường tiền tệ,VĐT phát triển XH,2025-12-16T00:08:44.413360
Thị trường tiền tệ,BÁN LẺ,2025-12-16T00:08:44.413363
Thị trường tiền tệ,USD.VND 2025,2025-12-16T00:08:44.413367
Thị trường tiền tệ,Bóc tách CPI YOY,2025-12-16T00:08:44.413371
Thị trường tiền tệ,"​
​
Khung thời gian:
Quarterly
Kiểu giá trị:
Value",2025-12-16T00:08:44.413381
Thị trường tiền tệ,"Khung thời gian:
Quarterly",2025-12-16T00:08:44.413387
Thị trường tiền tệ,Khung thời gian:,2025-12-16T00:08:44.413391
Thị trường tiền tệ,Quarterly,2025-12-16T00:08:44.413394
Thị trường tiền tệ,"Kiểu giá trị:
Value",2025-12-16T00:08:44.413399
Thị trường tiền tệ,Kiểu giá trị:,2025-12-16T00:08:44.413403
Thị trường tiền tệ,Value,2025-12-16T00:08:44.413405
Thị trường tiền tệ,Q3-2025,2025-12-16T00:08:44.413409
Thị trường tiền tệ,Q2-2025,2025-12-16T00:08:44.413412
Thị trường tiền tệ,Q1-2025,2025-12-16T00:08:44.413415
Thị trường tiền tệ,Q4-2024,2025-12-16T00:08:44.413417
Thị trường tiền tệ,Q3-2024,2025-12-16T00:08:44.413419
Thị trường tiền tệ,Q2-2024,2025-12-16T00:08:44.413422
Thị trường tiền tệ,Q1-2024,2025-12-16T00:08:44.413425
Thị trường tiền tệ,Q4-2023,2025-12-16T00:08:44.413427
Thị trường tiền tệ,Q3-2023,2025-12-16T00:08:44.413429
Thị trường tiền tệ,Q2-2023,2025-12-16T00:08:44.413432
Thị trường tiền tệ,Q1-2023,2025-12-16T00:08:44.413434
Thị trường tiền tệ,Q4-2022,2025-12-16T00:08:44.413437
Thị trường tiền tệ,Q3-2022,2025-12-16T00:08:44.413439
Thị trường tiền tệ,Q2-2022,2025-12-16T00:08:44.413442
Thị trường tiền tệ,Q1-2022,2025-12-16T00:08:44.413444
Thị trường tiền tệ,GDP THỰC,2025-12-16T00:08:44.413448
Thị trường tiền tệ,"Nông nghiệp, lâm nghiệp và thủy sản",2025-12-16T00:08:44.413476
Thị trường tiền tệ,Nông nghiệp,2025-12-16T00:08:44.413501
Thị trường tiền tệ,Lâm nghiệp,2025-12-16T00:08:44.413525
Thị trường tiền tệ,Thủy sản,2025-12-16T00:08:44.413549
Thị trường tiền tệ,Công nghiệp và xây dựng,2025-12-16T00:08:44.413575
Thị trường tiền tệ,Dịch vụ,2025-12-16T00:08:44.413599
Thị trường tiền tệ,Thuế sản phẩm trừ trợ cấp sản phẩm,2025-12-16T00:08:44.413625
Thị trường tiền tệ,"Thông tin mới nhất
Tin quan trọng",2025-12-16T00:08:44.413650
Thị trường tiền tệ,Thông tin mới nhất,2025-12-16T00:08:44.413655
Thị trường tiền tệ,Tin quan trọng,2025-12-16T00:08:44.413659
Thị trường tiền tệ,"THỊ TRƯỜNG
ĐỊNH GIÁ
DÒNG TIỀN
QUỐC TẾ",2025-12-16T00:08:44.413666
Thị trường tiền tệ,"VNINDEX
Đóng cửa
1,646.01
-0.88
-0.05%",2025-12-16T00:08:44.413673
Thị trường tiền tệ,"VNINDEX
Đóng cửa",2025-12-16T00:08:44.413677
Thị trường tiền tệ,Đóng cửa,2025-12-16T00:08:44.413681
Thị trường tiền tệ,"1,646.01
-0.88
-0.05%",2025-12-16T00:08:44.413685
Thị trường tiền tệ,"Chart
Chart with 121 data points.",2025-12-16T00:08:44.413688
Thị trường tiền tệ,Chart with 121 data points.,2025-12-16T00:08:44.413691
Thị trường tiền tệ,End of interactive chart.,2025-12-16T00:08:44.413694
Thị trường tiền tệ,"PHÂN BỔ DÒNG TIỀN
0
3
6
9
12
6.45 Nghìn tỷ
7.34 Nghìn tỷ
2.13 Nghìn tỷ
Tăng giá:
126 CP
Giảm giá:
189 CP
Không đổi:
60 CP",2025-12-16T00:08:44.413707
Thị trường tiền tệ,PHÂN BỔ DÒNG TIỀN,2025-12-16T00:08:44.413712
Thị trường tiền tệ,"0
3
6
9
12
6.45 Nghìn tỷ
7.34 Nghìn tỷ
2.13 Nghìn tỷ
Tăng giá:
126 CP
Giảm giá:
189 CP
Không đổi:
60 CP",2025-12-16T00:08:44.413723
Thị trường tiền tệ,6.45 Nghìn tỷ,2025-12-16T00:08:44.413728
Thị trường tiền tệ,7.34 Nghìn tỷ,2025-12-16T00:08:44.413732
Thị trường tiền tệ,2.13 Nghìn tỷ,2025-12-16T00:08:44.413736
Thị trường tiền tệ,"Tăng giá:
126 CP",2025-12-16T00:08:44.413740
Thị trường tiền tệ,Tăng giá:,2025-12-16T00:08:44.413743
Thị trường tiền tệ,126 CP,2025-12-16T00:08:44.413746
Thị trường tiền tệ,"Giảm giá:
189 CP",2025-12-16T00:08:44.413750
Thị trường tiền tệ,Giảm giá:,2025-12-16T00:08:44.413753
Thị trường tiền tệ,189 CP,2025-12-16T00:08:44.413756
Thị trường tiền tệ,"Không đổi:
60 CP",2025-12-16T00:08:44.413760
Thị trường tiền tệ,Không đổi:,2025-12-16T00:08:44.413763
Thị trường tiền tệ,60 CP,2025-12-16T00:08:44.413766
Thị trường tiền tệ,TÁC ĐỘNG ĐẾN INDEX,2025-12-16T00:08:44.413770
Thị trường tiền tệ,"VPB
TCX
BSR
VNM
VRE
VPX
GEE
MCH
LPB
VHM
VIC
VPL
-4
-2
0
2
1.63
1.45
0.98
0.81
0.71
-0.49
-0.73
-0.84
-0.91
-1.42
-1.83
-2.29",2025-12-16T00:08:44.413776
Thị trường tiền tệ,"Tác động tăng
Tác động giảm",2025-12-16T00:08:44.413798
Thị trường tiền tệ,Tác động tăng,2025-12-16T00:08:44.413802
Thị trường tiền tệ,Tác động giảm,2025-12-16T00:08:44.413806
Thị trường tiền tệ,"1Y
2Y
3Y
5Y
10Y
All",2025-12-16T00:08:44.413809
Thị trường tiền tệ,"DIỄN BIẾN THỊ TRƯỜNG
Q4/2024
Q2/2025
Q3/2025
Vốn hoá
LNST
SLCP lưu hành",2025-12-16T00:08:44.413818
Thị trường tiền tệ,"Q4/2024
Q2/2025
Q3/2025",2025-12-16T00:08:44.413821
Thị trường tiền tệ,"Vốn hoá
LNST
SLCP lưu hành",2025-12-16T00:08:44.413827
Thị trường tiền tệ,Vốn hoá,2025-12-16T00:08:44.413830
Thị trường tiền tệ,LNST,2025-12-16T00:08:44.413833
Thị trường tiền tệ,SLCP lưu hành,2025-12-16T00:08:44.413837
Thị trường tiền tệ,"PE THỊ TRƯỜNG
Q4/2024
Q2/2025
Q3/2025
Average: 14.18
P/E thị trường
Max
Min
Trung bình",2025-12-16T00:08:44.413847
Thị trường tiền tệ,"Q4/2024
Q2/2025
Q3/2025
Average: 14.18",2025-12-16T00:08:44.413850
Thị trường tiền tệ,Average: 14.18,2025-12-16T00:08:44.413853
Thị trường tiền tệ,"P/E thị trường
Max
Min
Trung bình",2025-12-16T00:08:44.413859
Thị trường tiền tệ,P/E thị trường,2025-12-16T00:08:44.413863
Thị trường tiền tệ,Trung bình,2025-12-16T00:08:44.413867
Thị trường tiền tệ,"E/P VNINDEX - LÃI SUẤT HUY ĐỘNG 12 THÁNG
Q4/2024
Q2/2025
Q3/2025",2025-12-16T00:08:44.413876
Thị trường tiền tệ,"GIÁ TRỊ TỰ DOANH RÒNG
1D
1W
1M",2025-12-16T00:08:44.413882
Thị trường tiền tệ,"1D
1W
1M",2025-12-16T00:08:44.413885
Thị trường tiền tệ,"Chart
Chart with 15 data points.",2025-12-16T00:08:44.413888
Thị trường tiền tệ,Chart with 15 data points.,2025-12-16T00:08:44.413891
Thị trường tiền tệ,"27/11
01/12
03/12
05/12
09/12
11/12
-500
0
500
1000
-5500
-5000
-4500
-4000",2025-12-16T00:08:44.413895
Thị trường tiền tệ,"GIÁ TRỊ KHỐI NGOẠI RÒNG
1D
1W
1M",2025-12-16T00:08:44.413900
Thị trường tiền tệ,"28/11
02/12
04/12
08/12
10/12
12/12
-1K
0
1K
2K
-123K
-121.5K
-120K
-118.5K",2025-12-16T00:08:44.413905
Thị trường tiền tệ,"Ghi chú: gdp-thuc
Cá nhân
Thêm ghi chú bằng cách điền
vào ô bên dưới
Nhập ghi chú",2025-12-16T00:08:44.413915
Thị trường tiền tệ,"Ghi chú: gdp-thuc
Cá nhân",2025-12-16T00:08:44.413919
Thị trường tiền tệ,Ghi chú: gdp-thuc,2025-12-16T00:08:44.413923
Thị trường tiền tệ,gdp-thuc,2025-12-16T00:08:44.413926
Thị trường tiền tệ,Cá nhân,2025-12-16T00:08:44.413929
Thị trường tiền tệ,"Thêm ghi chú bằng cách điền
vào ô bên dưới",2025-12-16T00:08:44.413935
Thị trường tiền tệ,Nhập ghi chú,2025-12-16T00:08:44.413939
Thị trường tiền tệ,"Thị trường
Ngành
Cổ phiếu",2025-12-16T00:08:44.413944
Thị trường tiền tệ,Thị trường,2025-12-16T00:08:44.413948
Thị trường tiền tệ,Ngành,2025-12-16T00:08:44.413951
Thị trường tiền tệ,Cổ phiếu,2025-12-16T00:08:44.413955
Thị trường vốn,"Thư viện
Sửa đồ thị",2025-12-16T00:08:48.524396
Thị trường vốn,FDI dăng ký dự án,2025-12-16T00:08:48.524413
Thị trường vốn,FDI thực hiện,2025-12-16T00:08:48.524421
Thị trường vốn,"Mối quan hệ giữa vàng và lãi suất, bơm tiền",2025-12-16T00:08:48.524433
Thị trường vốn,%HUY ĐỘNG,2025-12-16T00:08:48.524437
Thị trường vốn,VĐT phát triển XH,2025-12-16T00:08:48.524442
Thị trường vốn,BÁN LẺ,2025-12-16T00:08:48.524446
Thị trường vốn,USD.VND 2025,2025-12-16T00:08:48.524450
Thị trường vốn,Bóc tách CPI YOY,2025-12-16T00:08:48.524454
Thị trường vốn,"​
​
Khung thời gian:
Quarterly
Kiểu giá trị:
Value",2025-12-16T00:08:48.524468
Thị trường vốn,"Khung thời gian:
Quarterly",2025-12-16T00:08:48.524473
Thị trường vốn,Khung thời gian:,2025-12-16T00:08:48.524478
Thị trường vốn,Quarterly,2025-12-16T00:08:48.524481
Thị trường vốn,"Kiểu giá trị:
Value",2025-12-16T00:08:48.524486
Thị trường vốn,Kiểu giá trị:,2025-12-16T00:08:48.524490
Thị trường vốn,Value,2025-12-16T00:08:48.524493
Thị trường vốn,Q3-2025,2025-12-16T00:08:48.524498
Thị trường vốn,Q2-2025,2025-12-16T00:08:48.524501
Thị trường vốn,Q1-2025,2025-12-16T00:08:48.524504
Thị trường vốn,Q4-2024,2025-12-16T00:08:48.524507
Thị trường vốn,Q3-2024,2025-12-16T00:08:48.524509
Thị trường vốn,Q2-2024,2025-12-16T00:08:48.524512
Thị trường vốn,Q1-2024,2025-12-16T00:08:48.524515
Thị trường vốn,Q4-2023,2025-12-16T00:08:48.524517
Thị trường vốn,Q3-2023,2025-12-16T00:08:48.524520
Thị trường vốn,Q2-2023,2025-12-16T00:08:48.524522
Thị trường vốn,Q1-2023,2025-12-16T00:08:48.524526
Thị trường vốn,Q4-2022,2025-12-16T00:08:48.524537
Thị trường vốn,Q3-2022,2025-12-16T00:08:48.524541
Thị trường vốn,Q2-2022,2025-12-16T00:08:48.524543
Thị trường vốn,Q1-2022,2025-12-16T00:08:48.524546
Thị trường vốn,GDP THỰC,2025-12-16T00:08:48.524551
Thị trường vốn,"Nông nghiệp, lâm nghiệp và thủy sản",2025-12-16T00:08:48.524584
Thị trường vốn,Nông nghiệp,2025-12-16T00:08:48.524610
Thị trường vốn,Lâm nghiệp,2025-12-16T00:08:48.524636
Thị trường vốn,Thủy sản,2025-12-16T00:08:48.524664
Thị trường vốn,Công nghiệp và xây dựng,2025-12-16T00:08:48.524692
Thị trường vốn,Dịch vụ,2025-12-16T00:08:48.524718
Thị trường vốn,Thuế sản phẩm trừ trợ cấp sản phẩm,2025-12-16T00:08:48.524749
Thị trường vốn,"Thông tin mới nhất
Tin quan trọng",2025-12-16T00:08:48.524777
Thị trường vốn,Thông tin mới nhất,2025-12-16T00:08:48.524782
Thị trường vốn,Tin quan trọng,2025-12-16T00:08:48.524787
Thị trường vốn,"THỊ TRƯỜNG
ĐỊNH GIÁ
DÒNG TIỀN
QUỐC TẾ",2025-12-16T00:08:48.524794
Thị trường vốn,"VNINDEX
Đóng cửa
1,646.01
-0.88
-0.05%",2025-12-16T00:08:48.524802
Thị trường vốn,"VNINDEX
Đóng cửa",2025-12-16T00:08:48.524807
Thị trường vốn,Đóng cửa,2025-12-16T00:08:48.524811
Thị trường vốn,"1,646.01
-0.88
-0.05%",2025-12-16T00:08:48.524815
Thị trường vốn,"Chart
Chart with 121 data points.",2025-12-16T00:08:48.524819
Thị trường vốn,Chart with 121 data points.,2025-12-16T00:08:48.524822
Thị trường vốn,End of interactive chart.,2025-12-16T00:08:48.524825
Thị trường vốn,"PHÂN BỔ DÒNG TIỀN
0
3
6
9
12
6.45 Nghìn tỷ
7.34 Nghìn tỷ
2.13 Nghìn tỷ
Tăng giá:
126 CP
Giảm giá:
189 CP
Không đổi:
60 CP",2025-12-16T00:08:48.524840
Thị trường vốn,PHÂN BỔ DÒNG TIỀN,2025-12-16T00:08:48.524845
Thị trường vốn,"0
3
6
9
12
6.45 Nghìn tỷ
7.34 Nghìn tỷ
2.13 Nghìn tỷ
Tăng giá:
126 CP
Giảm giá:
189 CP
Không đổi:
60 CP",2025-12-16T00:08:48.524858
Thị trường vốn,6.45 Nghìn tỷ,2025-12-16T00:08:48.524863
Thị trường vốn,7.34 Nghìn tỷ,2025-12-16T00:08:48.524867
Thị trường vốn,2.13 Nghìn tỷ,2025-12-16T00:08:48.524872
Thị trường vốn,"Tăng giá:
126 CP",2025-12-16T00:08:48.524876
Thị trường vốn,Tăng giá:,2025-12-16T00:08:48.524880
Thị trường vốn,126 CP,2025-12-16T00:08:48.524883
Thị trường vốn,"Giảm giá:
189 CP",2025-12-16T00:08:48.524887
Thị trường vốn,Giảm giá:,2025-12-16T00:08:48.524891
Thị trường vốn,189 CP,2025-12-16T00:08:48.524894
Thị trường vốn,"Không đổi:
60 CP",2025-12-16T00:08:48.524898
Thị trường vốn,Không đổi:,2025-12-16T00:08:48.524903
Thị trường vốn,60 CP,2025-12-16T00:08:48.524905
Thị trường vốn,TÁC ĐỘNG ĐẾN INDEX,2025-12-16T00:08:48.524910
Thị trường vốn,"VPB
TCX
BSR
VNM
VRE
VPX
GEE
MCH
LPB
VHM
VIC
VPL
-4
-2
0
2
1.63
1.45
0.98
0.81
0.71
-0.49
-0.73
-0.84
-0.91
-1.42
-1.83
-2.29",2025-12-16T00:08:48.524916
Thị trường vốn,"Tác động tăng
Tác động giảm",2025-12-16T00:08:48.524940
Thị trường vốn,Tác động tăng,2025-12-16T00:08:48.524945
Thị trường vốn,Tác động giảm,2025-12-16T00:08:48.524949
Thị trường vốn,"1Y
2Y
3Y
5Y
10Y
All",2025-12-16T00:08:48.524952
Thị trường vốn,"DIỄN BIẾN THỊ TRƯỜNG
Q4/2024
Q2/2025
Q3/2025
Vốn hoá
LNST
SLCP lưu hành",2025-12-16T00:08:48.524964
Thị trường vốn,"Q4/2024
Q2/2025
Q3/2025",2025-12-16T00:08:48.524967
Thị trường vốn,"Vốn hoá
LNST
SLCP lưu hành",2025-12-16T00:08:48.524973
Thị trường vốn,Vốn hoá,2025-12-16T00:08:48.524977
Thị trường vốn,LNST,2025-12-16T00:08:48.524979
Thị trường vốn,SLCP lưu hành,2025-12-16T00:08:48.524984
Thị trường vốn,"PE THỊ TRƯỜNG
Q4/2024
Q2/2025
Q3/2025
Average: 14.18
P/E thị trường
Max
Min
Trung bình",2025-12-16T00:08:48.524995
Thị trường vốn,"Q4/2024
Q2/2025
Q3/2025
Average: 14.18",2025-12-16T00:08:48.524999
Thị trường vốn,Average: 14.18,2025-12-16T00:08:48.525003
Thị trường vốn,"P/E thị trường
Max
Min
Trung bình",2025-12-16T00:08:48.525009
Thị trường vốn,P/E thị trường,2025-12-16T00:08:48.525014
Thị trường vốn,Trung bình,2025-12-16T00:08:48.525018
Thị trường vốn,"E/P VNINDEX - LÃI SUẤT HUY ĐỘNG 12 THÁNG
Q4/2024
Q2/2025
Q3/2025",2025-12-16T00:08:48.525028
Thị trường vốn,"GIÁ TRỊ TỰ DOANH RÒNG
1D
1W
1M",2025-12-16T00:08:48.525035
Thị trường vốn,"1D
1W
1M",2025-12-16T00:08:48.525038
Thị trường vốn,"Chart
Chart with 15 data points.",2025-12-16T00:08:48.525041
Thị trường vốn,Chart with 15 data points.,2025-12-16T00:08:48.525044
Thị trường vốn,"27/11
01/12
03/12
05/12
09/12
11/12
-500
0
500
1000
-5500
-5000
-4500
-4000",2025-12-16T00:08:48.525049
Thị trường vốn,"GIÁ TRỊ KHỐI NGOẠI RÒNG
1D
1W
1M",2025-12-16T00:08:48.525055
Thị trường vốn,"28/11
02/12
04/12
08/12
10/12
12/12
-1K
0
1K
2K
-123K
-121.5K
-120K
-118.5K",2025-12-16T00:08:48.525059
Thị trường vốn,"Ghi chú: gdp-thuc
Cá nhân
Thêm ghi chú bằng cách điền
vào ô bên dưới
Nhập ghi chú",2025-12-16T00:08:48.525070
Thị trường vốn,"Ghi chú: gdp-thuc
Cá nhân",2025-12-16T00:08:48.525075
Thị trường vốn,Ghi chú: gdp-thuc,2025-12-16T00:08:48.525079
Thị trường vốn,gdp-thuc,2025-12-16T00:08:48.525081
Thị trường vốn,Cá nhân,2025-12-16T00:08:48.525084
Thị trường vốn,"Thêm ghi chú bằng cách điền
vào ô bên dưới",2025-12-16T00:08:48.525091
Thị trường vốn,Nhập ghi chú,2025-12-16T00:08:48.525094
Thị trường vốn,"Thị trường
Ngành
Cổ phiếu",2025-12-16T00:08:48.525113
Thị trường vốn,Thị trường,2025-12-16T00:08:48.525117
Thị trường vốn,Ngành,2025-12-16T00:08:48.525120
Thị trường vốn,Cổ phiếu,2025-12-16T00:08:48.525123
Tài khóa,"Thư viện
Sửa đồ thị",2025-12-16T00:08:52.642935
Tài khóa,FDI dăng ký dự án,2025-12-16T00:08:52.642950
Tài khóa,FDI thực hiện,2025-12-16T00:08:52.642957
Tài khóa,"Mối quan hệ giữa vàng và lãi suất, bơm tiền",2025-12-16T00:08:52.642966
Tài khóa,%HUY ĐỘNG,2025-12-16T00:08:52.642970
Tài khóa,VĐT phát triển XH,2025-12-16T00:08:52.642974
Tài khóa,BÁN LẺ,2025-12-16T00:08:52.642977
Tài khóa,USD.VND 2025,2025-12-16T00:08:52.642981
Tài khóa,Bóc tách CPI YOY,2025-12-16T00:08:52.642984
Tài khóa,"​
​
Khung thời gian:
Quarterly
Kiểu giá trị:
Value",2025-12-16T00:08:52.642995
Tài khóa,"Khung thời gian:
Quarterly",2025-12-16T00:08:52.643000
Tài khóa,Khung thời gian:,2025-12-16T00:08:52.643004
Tài khóa,Quarterly,2025-12-16T00:08:52.643007
Tài khóa,"Kiểu giá trị:
Value",2025-12-16T00:08:52.643011
Tài khóa,Kiểu giá trị:,2025-12-16T00:08:52.643015
Tài khóa,Value,2025-12-16T00:08:52.643018
Tài khóa,Q3-2025,2025-12-16T00:08:52.643021
Tài khóa,Q2-2025,2025-12-16T00:08:52.643024
Tài khóa,Q1-2025,2025-12-16T00:08:52.643026
Tài khóa,Q4-2024,2025-12-16T00:08:52.643029
Tài khóa,Q3-2024,2025-12-16T00:08:52.643031
Tài khóa,Q2-2024,2025-12-16T00:08:52.643033
Tài khóa,Q1-2024,2025-12-16T00:08:52.643036
Tài khóa,Q4-2023,2025-12-16T00:08:52.643038
Tài khóa,Q3-2023,2025-12-16T00:08:52.643041
Tài khóa,Q2-2023,2025-12-16T00:08:52.643043
Tài khóa,Q1-2023,2025-12-16T00:08:52.643045
Tài khóa,Q4-2022,2025-12-16T00:08:52.643048
Tài khóa,Q3-2022,2025-12-16T00:08:52.643050
Tài khóa,Q2-2022,2025-12-16T00:08:52.643052
Tài khóa,Q1-2022,2025-12-16T00:08:52.643055
Tài khóa,GDP THỰC,2025-12-16T00:08:52.643059
Tài khóa,"Nông nghiệp, lâm nghiệp và thủy sản",2025-12-16T00:08:52.643090
Tài khóa,Nông nghiệp,2025-12-16T00:08:52.643116
Tài khóa,Lâm nghiệp,2025-12-16T00:08:52.643141
Tài khóa,Thủy sản,2025-12-16T00:08:52.643163
Tài khóa,Công nghiệp và xây dựng,2025-12-16T00:08:52.643187
Tài khóa,Dịch vụ,2025-12-16T00:08:52.643210
Tài khóa,Thuế sản phẩm trừ trợ cấp sản phẩm,2025-12-16T00:08:52.643234
Tài khóa,"Thông tin mới nhất
Tin quan trọng",2025-12-16T00:08:52.643259
Tài khóa,Thông tin mới nhất,2025-12-16T00:08:52.643263
Tài khóa,Tin quan trọng,2025-12-16T00:08:52.643267
Tài khóa,"THỊ TRƯỜNG
ĐỊNH GIÁ
DÒNG TIỀN
QUỐC TẾ",2025-12-16T00:08:52.643273
Tài khóa,"VNINDEX
Đóng cửa
1,646.01
-0.88
-0.05%",2025-12-16T00:08:52.643280
Tài khóa,"VNINDEX
Đóng cửa",2025-12-16T00:08:52.643284
Tài khóa,Đóng cửa,2025-12-16T00:08:52.643289
Tài khóa,"1,646.01
-0.88
-0.05%",2025-12-16T00:08:52.643293
Tài khóa,"Chart
Chart with 121 data points.",2025-12-16T00:08:52.643296
Tài khóa,Chart with 121 data points.,2025-12-16T00:08:52.643299
Tài khóa,End of interactive chart.,2025-12-16T00:08:52.643302
Tài khóa,"PHÂN BỔ DÒNG TIỀN
0
3
6
9
12
6.45 Nghìn tỷ
7.34 Nghìn tỷ
2.13 Nghìn tỷ
Tăng giá:
126 CP
Giảm giá:
189 CP
Không đổi:
60 CP",2025-12-16T00:08:52.643315
Tài khóa,PHÂN BỔ DÒNG TIỀN,2025-12-16T00:08:52.643320
Tài khóa,"0
3
6
9
12
6.45 Nghìn tỷ
7.34 Nghìn tỷ
2.13 Nghìn tỷ
Tăng giá:
126 CP
Giảm giá:
189 CP
Không đổi:
60 CP",2025-12-16T00:08:52.643331
Tài khóa,6.45 Nghìn tỷ,2025-12-16T00:08:52.643336
Tài khóa,7.34 Nghìn tỷ,2025-12-16T00:08:52.643340
Tài khóa,2.13 Nghìn tỷ,2025-12-16T00:08:52.643344
Tài khóa,"Tăng giá:
126 CP",2025-12-16T00:08:52.643348
Tài khóa,Tăng giá:,2025-12-16T00:08:52.643351
Tài khóa,126 CP,2025-12-16T00:08:52.643354
Tài khóa,"Giảm giá:
189 CP",2025-12-16T00:08:52.643358
Tài khóa,Giảm giá:,2025-12-16T00:08:52.643362
Tài khóa,189 CP,2025-12-16T00:08:52.643365
Tài khóa,"Không đổi:
60 CP",2025-12-16T00:08:52.643369
Tài khóa,Không đổi:,2025-12-16T00:08:52.643374
Tài khóa,60 CP,2025-12-16T00:08:52.643376
Tài khóa,TÁC ĐỘNG ĐẾN INDEX,2025-12-16T00:08:52.643381
Tài khóa,"VPB
TCX
BSR
VNM
VRE
VPX
GEE
MCH
LPB
VHM
VIC
VPL
-4
-2
0
2
1.63
1.45
0.98
0.81
0.71
-0.49
-0.73
-0.84
-0.91
-1.42
-1.83
-2.29",2025-12-16T00:08:52.643386
Tài khóa,"Tác động tăng
Tác động giảm",2025-12-16T00:08:52.643407
Tài khóa,Tác động tăng,2025-12-16T00:08:52.643411
Tài khóa,Tác động giảm,2025-12-16T00:08:52.643415
Tài khóa,"1Y
2Y
3Y
5Y
10Y
All",2025-12-16T00:08:52.643417
Tài khóa,"DIỄN BIẾN THỊ TRƯỜNG
Q4/2024
Q2/2025
Q3/2025
Vốn hoá
LNST
SLCP lưu hành",2025-12-16T00:08:52.643427
Tài khóa,"Q4/2024
Q2/2025
Q3/2025",2025-12-16T00:08:52.643430
Tài khóa,"Vốn hoá
LNST
SLCP lưu hành",2025-12-16T00:08:52.643435
Tài khóa,Vốn hoá,2025-12-16T00:08:52.643439
Tài khóa,LNST,2025-12-16T00:08:52.643441
Tài khóa,SLCP lưu hành,2025-12-16T00:08:52.643445
Tài khóa,"PE THỊ TRƯỜNG
Q4/2024
Q2/2025
Q3/2025
Average: 14.18
P/E thị trường
Max
Min
Trung bình",2025-12-16T00:08:52.643455
Tài khóa,"Q4/2024
Q2/2025
Q3/2025
Average: 14.18",2025-12-16T00:08:52.643459
Tài khóa,Average: 14.18,2025-12-16T00:08:52.643462
Tài khóa,"P/E thị trường
Max
Min
Trung bình",2025-12-16T00:08:52.643467
Tài khóa,P/E thị trường,2025-12-16T00:08:52.643471
Tài khóa,Trung bình,2025-12-16T00:08:52.643475
Tài khóa,"E/P VNINDEX - LÃI SUẤT HUY ĐỘNG 12 THÁNG
Q4/2024
Q2/2025
Q3/2025",2025-12-16T00:08:52.643484
Tài khóa,"GIÁ TRỊ TỰ DOANH RÒNG
1D
1W
1M",2025-12-16T00:08:52.643490
Tài khóa,"1D
1W
1M",2025-12-16T00:08:52.643493
Tài khóa,"Chart
Chart with 15 data points.",2025-12-16T00:08:52.643496
Tài khóa,Chart with 15 data points.,2025-12-16T00:08:52.643498
Tài khóa,"27/11
01/12
03/12
05/12
09/12
11/12
-500
0
500
1000
-5500
-5000
-4500
-4000",2025-12-16T00:08:52.643502
Tài khóa,"GIÁ TRỊ KHỐI NGOẠI RÒNG
1D
1W
1M",2025-12-16T00:08:52.643508
Tài khóa,"28/11
02/12
04/12
08/12
10/12
12/12
-1K
0
1K
2K
-123K
-121.5K
-120K
-118.5K",2025-12-16T00:08:52.643512
Tài khóa,"Ghi chú: gdp-thuc
Cá nhân
Thêm ghi chú bằng cách điền
vào ô bên dưới
Nhập ghi chú",2025-12-16T00:08:52.643522
Tài khóa,"Ghi chú: gdp-thuc
Cá nhân",2025-12-16T00:08:52.643527
Tài khóa,Ghi chú: gdp-thuc,2025-12-16T00:08:52.643531
Tài khóa,gdp-thuc,2025-12-16T00:08:52.643533
Tài khóa,Cá nhân,2025-12-16T00:08:52.643536
Tài khóa,"Thêm ghi chú bằng cách điền
vào ô bên dưới",2025-12-16T00:08:52.643542
Tài khóa,Nhập ghi chú,2025-12-16T00:08:52.643546
Tài khóa,"Thị trường
Ngành
Cổ phiếu",2025-12-16T00:08:52.643551
Tài khóa,Thị trường,2025-12-16T00:08:52.643555
Tài khóa,Ngành,2025-12-16T00:08:52.643558
Tài khóa,Cổ phiếu,2025-12-16T00:08:52.643562
Bất động sản,"Thư viện
Sửa đồ thị",2025-12-16T00:08:56.747199
Bất động sản,FDI dăng ký dự án,2025-12-16T00:08:56.747215
Bất động sản,FDI thực hiện,2025-12-16T00:08:56.747222
Bất động sản,"Mối quan hệ giữa vàng và lãi suất, bơm tiền",2025-12-16T00:08:56.747232
Bất động sản,%HUY ĐỘNG,2025-12-16T00:08:56.747236
Bất động sản,VĐT phát triển XH,2025-12-16T00:08:56.747240
Bất động sản,BÁN LẺ,2025-12-16T00:08:56.747243
Bất động sản,USD.VND 2025,2025-12-16T00:08:56.747247
Bất động sản,Bóc tách CPI YOY,2025-12-16T00:08:56.747251
Bất động sản,"​
​
Khung thời gian:
Quarterly
Kiểu giá trị:
Value",2025-12-16T00:08:56.747262
Bất động sản,"Khung thời gian:
Quarterly",2025-12-16T00:08:56.747267
Bất động sản,Khung thời gian:,2025-12-16T00:08:56.747292
Bất động sản,Quarterly,2025-12-16T00:08:56.747295
Bất động sản,"Kiểu giá trị:
Value",2025-12-16T00:08:56.747299
Bất động sản,Kiểu giá trị:,2025-12-16T00:08:56.747303
Bất động sản,Value,2025-12-16T00:08:56.747306
Bất động sản,Q3-2025,2025-12-16T00:08:56.747310
Bất động sản,Q2-2025,2025-12-16T00:08:56.747312
Bất động sản,Q1-2025,2025-12-16T00:08:56.747315
Bất động sản,Q4-2024,2025-12-16T00:08:56.747317
Bất động sản,Q3-2024,2025-12-16T00:08:56.747319
Bất động sản,Q2-2024,2025-12-16T00:08:56.747322
Bất động sản,Q1-2024,2025-12-16T00:08:56.747324
Bất động sản,Q4-2023,2025-12-16T00:08:56.747326
Bất động sản,Q3-2023,2025-12-16T00:08:56.747329
Bất động sản,Q2-2023,2025-12-16T00:08:56.747331
Bất động sản,Q1-2023,2025-12-16T00:08:56.747333
Bất động sản,Q4-2022,2025-12-16T00:08:56.747336
Bất động sản,Q3-2022,2025-12-16T00:08:56.747338
Bất động sản,Q2-2022,2025-12-16T00:08:56.747340
Bất động sản,Q1-2022,2025-12-16T00:08:56.747343
Bất động sản,GDP THỰC,2025-12-16T00:08:56.747346
Bất động sản,"Nông nghiệp, lâm nghiệp và thủy sản",2025-12-16T00:08:56.747374
Bất động sản,Nông nghiệp,2025-12-16T00:08:56.747411
Bất động sản,Lâm nghiệp,2025-12-16T00:08:56.747446
Bất động sản,Thủy sản,2025-12-16T00:08:56.747469
Bất động sản,Công nghiệp và xây dựng,2025-12-16T00:08:56.747499
Bất động sản,Dịch vụ,2025-12-16T00:08:56.747521
Bất động sản,Thuế sản phẩm trừ trợ cấp sản phẩm,2025-12-16T00:08:56.747546
Bất động sản,"Thông tin mới nhất
Tin quan trọng",2025-12-16T00:08:56.747570
Bất động sản,Thông tin mới nhất,2025-12-16T00:08:56.747574
Bất động sản,Tin quan trọng,2025-12-16T00:08:56.747578
Bất động sản,"THỊ TRƯỜNG
ĐỊNH GIÁ
DÒNG TIỀN
QUỐC TẾ",2025-12-16T00:08:56.747585
Bất động sản,"VNINDEX
Đóng cửa
1,646.01
-0.88
-0.05%",2025-12-16T00:08:56.747592
Bất động sản,"VNINDEX
Đóng cửa",2025-12-16T00:08:56.747596
Bất động sản,Đóng cửa,2025-12-16T00:08:56.747600
Bất động sản,"1,646.01
-0.88
-0.05%",2025-12-16T00:08:56.747603
Bất động sản,"Chart
Chart with 121 data points.",2025-12-16T00:08:56.747606
Bất động sản,Chart with 121 data points.,2025-12-16T00:08:56.747610
Bất động sản,End of interactive chart.,2025-12-16T00:08:56.747612
Bất động sản,"PHÂN BỔ DÒNG TIỀN
0
3
6
9
12
6.45 Nghìn tỷ
7.34 Nghìn tỷ
2.13 Nghìn tỷ
Tăng giá:
126 CP
Giảm giá:
189 CP
Không đổi:
60 CP",2025-12-16T00:08:56.747626
Bất động sản,PHÂN BỔ DÒNG TIỀN,2025-12-16T00:08:56.747632
Bất động sản,"0
3
6
9
12
6.45 Nghìn tỷ
7.34 Nghìn tỷ
2.13 Nghìn tỷ
Tăng giá:
126 CP
Giảm giá:
189 CP
Không đổi:
60 CP",2025-12-16T00:08:56.747644
Bất động sản,6.45 Nghìn tỷ,2025-12-16T00:08:56.747648
Bất động sản,7.34 Nghìn tỷ,2025-12-16T00:08:56.747652
Bất động sản,2.13 Nghìn tỷ,2025-12-16T00:08:56.747656
Bất động sản,"Tăng giá:
126 CP",2025-12-16T00:08:56.747660
Bất động sản,Tăng giá:,2025-12-16T00:08:56.747664
Bất động sản,126 CP,2025-12-16T00:08:56.747666
Bất động sản,"Giảm giá:
189 CP",2025-12-16T00:08:56.747670
Bất động sản,Giảm giá:,2025-12-16T00:08:56.747674
Bất động sản,189 CP,2025-12-16T00:08:56.747676
Bất động sản,"Không đổi:
60 CP",2025-12-16T00:08:56.747680
Bất động sản,Không đổi:,2025-12-16T00:08:56.747683
Bất động sản,60 CP,2025-12-16T00:08:56.747686
Bất động sản,TÁC ĐỘNG ĐẾN INDEX,2025-12-16T00:08:56.747690
Bất động sản,"VPB
TCX
BSR
VNM
VRE
VPX
GEE
MCH
LPB
VHM
VIC
VPL
-4
-2
0
2
1.63
1.45
0.98
0.81
0.71
-0.49
-0.73
-0.84
-0.91
-1.42
-1.83
-2.29",2025-12-16T00:08:56.747696
Bất động sản,"Tác động tăng
Tác động giảm",2025-12-16T00:08:56.747716
Bất động sản,Tác động tăng,2025-12-16T00:08:56.747720
Bất động sản,Tác động giảm,2025-12-16T00:08:56.747724
Bất động sản,"1Y
2Y
3Y
5Y
10Y
All",2025-12-16T00:08:56.747727
Bất động sản,"DIỄN BIẾN THỊ TRƯỜNG
Q4/2024
Q2/2025
Q3/2025
Vốn hoá
LNST
SLCP lưu hành",2025-12-16T00:08:56.747746
Bất động sản,"Q4/2024
Q2/2025
Q3/2025",2025-12-16T00:08:56.747750
Bất động sản,"Vốn hoá
LNST
SLCP lưu hành",2025-12-16T00:08:56.747755
Bất động sản,Vốn hoá,2025-12-16T00:08:56.747758
Bất động sản,LNST,2025-12-16T00:08:56.747761
Bất động sản,SLCP lưu hành,2025-12-16T00:08:56.747765
Bất động sản,"PE THỊ TRƯỜNG
Q4/2024
Q2/2025
Q3/2025
Average: 14.18
P/E thị trường
Max
Min
Trung bình",2025-12-16T00:08:56.747775
Bất động sản,"Q4/2024
Q2/2025
Q3/2025
Average: 14.18",2025-12-16T00:08:56.747778
Bất động sản,Average: 14.18,2025-12-16T00:08:56.747781
Bất động sản,"P/E thị trường
Max
Min
Trung bình",2025-12-16T00:08:56.747787
Bất động sản,P/E thị trường,2025-12-16T00:08:56.747791
Bất động sản,Trung bình,2025-12-16T00:08:56.747794
Bất động sản,"E/P VNINDEX - LÃI SUẤT HUY ĐỘNG 12 THÁNG
Q4/2024
Q2/2025
Q3/2025",2025-12-16T00:08:56.747803
Bất động sản,"GIÁ TRỊ TỰ DOANH RÒNG
1D
1W
1M",2025-12-16T00:08:56.747809
Bất động sản,"1D
1W
1M",2025-12-16T00:08:56.747812
Bất động sản,"Chart
Chart with 15 data points.",2025-12-16T00:08:56.747815
Bất động sản,Chart with 15 data points.,2025-12-16T00:08:56.747817
Bất động sản,"27/11
01/12
03/12
05/12
09/12
11/12
-500
0
500
1000
-5500
-5000
-4500
-4000",2025-12-16T00:08:56.747821
Bất động sản,"GIÁ TRỊ KHỐI NGOẠI RÒNG
1D
1W
1M",2025-12-16T00:08:56.747827
Bất động sản,"28/11
02/12
04/12
08/12
10/12
12/12
-1K
0
1K
2K
-123K
-121.5K
-120K
-118.5K",2025-12-16T00:08:56.747831
Bất động sản,"Ghi chú: gdp-thuc
Cá nhân
Thêm ghi chú bằng cách điền
vào ô bên dưới
Nhập ghi chú",2025-12-16T00:08:56.747841
Bất động sản,"Ghi chú: gdp-thuc
Cá nhân",2025-12-16T00:08:56.747846
Bất động sản,Ghi chú: gdp-thuc,2025-12-16T00:08:56.747850
Bất động sản,gdp-thuc,2025-12-16T00:08:56.747853
Bất động sản,Cá nhân,2025-12-16T00:08:56.747856
Bất động sản,"Thêm ghi chú bằng cách điền
vào ô bên dưới",2025-12-16T00:08:56.747862
Bất động sản,Nhập ghi chú,2025-12-16T00:08:56.747866
Bất động sản,"Thị trường
Ngành
Cổ phiếu",2025-12-16T00:08:56.747871
Bất động sản,Thị trường,2025-12-16T00:08:56.747874
Bất động sản,Ngành,2025-12-16T00:08:56.747877
Bất động sản,Cổ phiếu,2025-12-16T00:08:56.747881
Thị trường lao động,"Thư viện
Sửa đồ thị",2025-12-16T00:09:00.869534
Thị trường lao động,FDI dăng ký dự án,2025-12-16T00:09:00.869548
Thị trường lao động,FDI thực hiện,2025-12-16T00:09:00.869555
Thị trường lao động,"Mối quan hệ giữa vàng và lãi suất, bơm tiền",2025-12-16T00:09:00.869564
Thị trường lao động,%HUY ĐỘNG,2025-12-16T00:09:00.869568
Thị trường lao động,VĐT phát triển XH,2025-12-16T00:09:00.869572
Thị trường lao động,BÁN LẺ,2025-12-16T00:09:00.869575
Thị trường lao động,USD.VND 2025,2025-12-16T00:09:00.869578
Thị trường lao động,Bóc tách CPI YOY,2025-12-16T00:09:00.869582
Thị trường lao động,"​
​
Khung thời gian:
Quarterly
Kiểu giá trị:
Value",2025-12-16T00:09:00.869593
Thị trường lao động,"Khung thời gian:
Quarterly",2025-12-16T00:09:00.869599
Thị trường lao động,Khung thời gian:,2025-12-16T00:09:00.869603
Thị trường lao động,Quarterly,2025-12-16T00:09:00.869605
Thị trường lao động,"Kiểu giá trị:
Value",2025-12-16T00:09:00.869610
Thị trường lao động,Kiểu giá trị:,2025-12-16T00:09:00.869614
Thị trường lao động,Value,2025-12-16T00:09:00.869616
Thị trường lao động,Q3-2025,2025-12-16T00:09:00.869620
Thị trường lao động,Q2-2025,2025-12-16T00:09:00.869623
Thị trường lao động,Q1-2025,2025-12-16T00:09:00.869625
Thị trường lao động,Q4-2024,2025-12-16T00:09:00.869627
Thị trường lao động,Q3-2024,2025-12-16T00:09:00.869630
Thị trường lao động,Q2-2024,2025-12-16T00:09:00.869632
Thị trường lao động,Q1-2024,2025-12-16T00:09:00.869634
Thị trường lao động,Q4-2023,2025-12-16T00:09:00.869637
Thị trường lao động,Q3-2023,2025-12-16T00:09:00.869639
Thị trường lao động,Q2-2023,2025-12-16T00:09:00.869641
Thị trường lao động,Q1-2023,2025-12-16T00:09:00.869644
Thị trường lao động,Q4-2022,2025-12-16T00:09:00.869646
Thị trường lao động,Q3-2022,2025-12-16T00:09:00.869648
Thị trường lao động,Q2-2022,2025-12-16T00:09:00.869651
Thị trường lao động,Q1-2022,2025-12-16T00:09:00.869653
Thị trường lao động,GDP THỰC,2025-12-16T00:09:00.869656
Thị trường lao động,"Nông nghiệp, lâm nghiệp và thủy sản",2025-12-16T00:09:00.869683
Thị trường lao động,Nông nghiệp,2025-12-16T00:09:00.869707
Thị trường lao động,Lâm nghiệp,2025-12-16T00:09:00.869730
Thị trường lao động,Thủy sản,2025-12-16T00:09:00.869752
Thị trường lao động,Công nghiệp và xây dựng,2025-12-16T00:09:00.869777
Thị trường lao động,Dịch vụ,2025-12-16T00:09:00.869800
Thị trường lao động,Thuế sản phẩm trừ trợ cấp sản phẩm,2025-12-16T00:09:00.869825
Thị trường lao động,"Thông tin mới nhất
Tin quan trọng",2025-12-16T00:09:00.869850
Thị trường lao động,Thông tin mới nhất,2025-12-16T00:09:00.869854
Thị trường lao động,Tin quan trọng,2025-12-16T00:09:00.869858
Thị trường lao động,"THỊ TRƯỜNG
ĐỊNH GIÁ
DÒNG TIỀN
QUỐC TẾ",2025-12-16T00:09:00.869864
Thị trường lao động,"VNINDEX
Đóng cửa
1,646.01
-0.88
-0.05%",2025-12-16T00:09:00.869871
Thị trường lao động,"VNINDEX
Đóng cửa",2025-12-16T00:09:00.869875
Thị trường lao động,Đóng cửa,2025-12-16T00:09:00.869879
Thị trường lao động,"1,646.01
-0.88
-0.05%",2025-12-16T00:09:00.869882
Thị trường lao động,"Chart
Chart with 121 data points.",2025-12-16T00:09:00.869885
Thị trường lao động,Chart with 121 data points.,2025-12-16T00:09:00.869888
Thị trường lao động,End of interactive chart.,2025-12-16T00:09:00.869891
Thị trường lao động,"PHÂN BỔ DÒNG TIỀN
0
3
6
9
12
6.45 Nghìn tỷ
7.34 Nghìn tỷ
2.13 Nghìn tỷ
Tăng giá:
126 CP
Giảm giá:
189 CP
Không đổi:
60 CP",2025-12-16T00:09:00.869904
Thị trường lao động,PHÂN BỔ DÒNG TIỀN,2025-12-16T00:09:00.869909
Thị trường lao động,"0
3
6
9
12
6.45 Nghìn tỷ
7.34 Nghìn tỷ
2.13 Nghìn tỷ
Tăng giá:
126 CP
Giảm giá:
189 CP
Không đổi:
60 CP",2025-12-16T00:09:00.869920
Thị trường lao động,6.45 Nghìn tỷ,2025-12-16T00:09:00.869925
Thị trường lao động,7.34 Nghìn tỷ,2025-12-16T00:09:00.869928
Thị trường lao động,2.13 Nghìn tỷ,2025-12-16T00:09:00.869932
Thị trường lao động,"Tăng giá:
126 CP",2025-12-16T00:09:00.869936
Thị trường lao động,Tăng giá:,2025-12-16T00:09:00.869940
Thị trường lao động,126 CP,2025-12-16T00:09:00.869942
Thị trường lao động,"Giảm giá:
189 CP",2025-12-16T00:09:00.869946
Thị trường lao động,Giảm giá:,2025-12-16T00:09:00.869949
Thị trường lao động,189 CP,2025-12-16T00:09:00.869952
Thị trường lao động,"Không đổi:
60 CP",2025-12-16T00:09:00.869956
Thị trường lao động,Không đổi:,2025-12-16T00:09:00.869966
Thị trường lao động,60 CP,2025-12-16T00:09:00.869969
Thị trường lao động,TÁC ĐỘNG ĐẾN INDEX,2025-12-16T00:09:00.869974
Thị trường lao động,"VPB
TCX
BSR
VNM
VRE
VPX
GEE
MCH
LPB
VHM
VIC
VPL
-4
-2
0
2
1.63
1.45
0.98
0.81
0.71
-0.49
-0.73
-0.84
-0.91
-1.42
-1.83
-2.29",2025-12-16T00:09:00.869979
Thị trường lao động,"Tác động tăng
Tác động giảm",2025-12-16T00:09:00.870000
Thị trường lao động,Tác động tăng,2025-12-16T00:09:00.870004
Thị trường lao động,Tác động giảm,2025-12-16T00:09:00.870008
Thị trường lao động,"1Y
2Y
3Y
5Y
10Y
All",2025-12-16T00:09:00.870011
Thị trường lao động,"DIỄN BIẾN THỊ TRƯỜNG
Q4/2024
Q2/2025
Q3/2025
Vốn hoá
LNST
SLCP lưu hành",2025-12-16T00:09:00.870021
Thị trường lao động,"Q4/2024
Q2/2025
Q3/2025",2025-12-16T00:09:00.870024
Thị trường lao động,"Vốn hoá
LNST
SLCP lưu hành",2025-12-16T00:09:00.870029
Thị trường lao động,Vốn hoá,2025-12-16T00:09:00.870032
Thị trường lao động,LNST,2025-12-16T00:09:00.870035
Thị trường lao động,SLCP lưu hành,2025-12-16T00:09:00.870039
Thị trường lao động,"PE THỊ TRƯỜNG
Q4/2024
Q2/2025
Q3/2025
Average: 14.18
P/E thị trường
Max
Min
Trung bình",2025-12-16T00:09:00.870049
Thị trường lao động,"Q4/2024
Q2/2025
Q3/2025
Average: 14.18",2025-12-16T00:09:00.870053
Thị trường lao động,Average: 14.18,2025-12-16T00:09:00.870056
Thị trường lao động,"P/E thị trường
Max
Min
Trung bình",2025-12-16T00:09:00.870061
Thị trường lao động,P/E thị trường,2025-12-16T00:09:00.870065
Thị trường lao động,Trung bình,2025-12-16T00:09:00.870069
Thị trường lao động,"E/P VNINDEX - LÃI SUẤT HUY ĐỘNG 12 THÁNG
Q4/2024
Q2/2025
Q3/2025",2025-12-16T00:09:00.870078
Thị trường lao động,"GIÁ TRỊ TỰ DOANH RÒNG
1D
1W
1M",2025-12-16T00:09:00.870084
Thị trường lao động,"1D
1W
1M",2025-12-16T00:09:00.870086
Thị trường lao động,"Chart
Chart with 15 data points.",2025-12-16T00:09:00.870089
Thị trường lao động,Chart with 15 data points.,2025-12-16T00:09:00.870092
Thị trường lao động,"27/11
01/12
03/12
05/12
09/12
11/12
-500
0
500
1000
-5500
-5000
-4500
-4000",2025-12-16T00:09:00.870096
Thị trường lao động,"GIÁ TRỊ KHỐI NGOẠI RÒNG
1D
1W
1M",2025-12-16T00:09:00.870104
Thị trường lao động,"28/11
02/12
04/12
08/12
10/12
12/12
-1K
0
1K
2K
-123K
-121.5K
-120K
-118.5K",2025-12-16T00:09:00.870108
Thị trường lao động,"Ghi chú: gdp-thuc
Cá nhân
Thêm ghi chú bằng cách điền
vào ô bên dưới
Nhập ghi chú",2025-12-16T00:09:00.870119
Thị trường lao động,"Ghi chú: gdp-thuc
Cá nhân",2025-12-16T00:09:00.870123
Thị trường lao động,Ghi chú: gdp-thuc,2025-12-16T00:09:00.870127
Thị trường lao động,gdp-thuc,2025-12-16T00:09:00.870129
Thị trường lao động,Cá nhân,2025-12-16T00:09:00.870133
Thị trường lao động,"Thêm ghi chú bằng cách điền
vào ô bên dưới",2025-12-16T00:09:00.870139
Thị trường lao động,Nhập ghi chú,2025-12-16T00:09:00.870143
Thị trường lao động,"Thị trường
Ngành
Cổ phiếu",2025-12-16T00:09:00.870148
Thị trường lao động,Thị trường,2025-12-16T00:09:00.870151
Thị trường lao động,Ngành,2025-12-16T00:09:00.870154
Thị trường lao động,Cổ phiếu,2025-12-16T00:09:00.870158
